Price,Close,High,Low,Open,Volume,rsi,macd,atr,ema20,ema50,vol_z,sma20,sma50,sma200
2024-08-06,5596.1533203125,5882.148738480568,5358.605014944968,5378.456878376477,151715.0,76.8931771780592,43.54256445143545,172.4587159405985,5123.589710819498,4812.001378806657,1.2607784412704848,5067.74111328125,4751.49353515625,4263.824760742187
2024-08-07,5615.76416015625,5817.472413857404,5492.256286322938,5619.000005413019,95300.0,77.31142228440724,42.13194094717633,183.36995962587474,5170.463467899189,4843.52148787919,0.41644360655238327,5120.945581054688,4775.868564453125,4272.6741394042965
2024-08-08,5642.18505859375,5796.074976987482,5608.711983656741,5615.764334084192,48288.0,77.89202058137809,38.829449523757035,183.65517631907946,5215.389333679623,4874.841627907213,-0.14505224859483776,5160.637622070312,4800.311220703125,4281.721071777344
2024-08-09,5652.4736328125,5748.352766892731,5634.891577732867,5642.184965500246,17822.0,78.12675351639581,33.396266584259195,178.64132009342123,5257.016409787516,4905.337000648597,-0.6435035996029412,5204.106860351562,4824.05447265625,4290.778149414063
2024-08-12,5629.3369140625,5726.954726184195,5560.071899481326,5652.473679873417,35506.0,76.16822425649242,24.703182951833185,177.80142770838182,5292.4755054327525,4933.729154115809,-0.353495288042721,5250.998266601562,4848.210224609375,4299.895361328125
2024-08-13,5591.2265625,5673.871278388261,5561.5209364246775,5610.788804061798,35602.0,72.92531732565585,13.410676712658017,173.12635015518194,5320.927987058205,4959.513366209308,-0.25764074981782165,5291.936474609375,4870.971015625,4308.688951416016
2024-08-14,5575.48046875,5648.2228390758855,5560.071995660233,5578.8615969906,10499.0,71.56949381406312,2.4775436214755473,167.0566711023584,5345.171080552662,4983.668938857962,-0.7735777019810749,5328.971923828125,4890.72357421875,4317.379174804688
2024-08-16,5652.232421875,5746.275713989684,5564.419311542365,5564.419311542365,31119.0,74.09744521536139,-1.7598460037831671,168.11379476985556,5374.415017821456,5009.8871146625515,-0.2974858810484534,5366.014624023437,4913.076708984375,4326.535755615234
2024-08-19,5659.23583984375,5768.156467283719,5647.450004559247,5699.615981337592,76638.0,74.32180955813097,-6.02551989995024,164.7275567666139,5401.540810395008,5035.351770552011,0.6184891870994118,5404.600537109375,4932.27958984375,4335.728319091797
2024-08-20,5701.451171875,5721.303506524479,5622.332870663421,5694.785613842073,14500.0,75.6887910644208,-7.824432682130265,160.0306338447885,5430.103701964531,5061.473315701932,-0.7225940157770988,5447.62294921875,4951.6833984375,4345.258992919922
2024-08-21,5806.8916015625,5902.468193159143,5704.70696207326,5704.70696207326,52016.0,78.73392994760911,-3.9302139146943205,162.95823294759953,5465.988263831004,5090.705405343523,0.09119729370680102,5487.213403320313,4972.6328125,4355.0374438476565
2024-08-22,5754.46337890625,5859.952043888373,5737.5052847623465,5806.891686698116,106527.0,73.78500025938236,-6.737642799035143,160.0645562460586,5493.46208431436,5116.7351297969635,1.1500839910420178,5518.881323242187,4992.50951171875,4364.809028320313
2024-08-23,5690.17822265625,5825.938821700493,5660.392658695319,5714.181863486055,21015.0,68.1301759450335,-14.339689889017905,160.45609958599536,5512.196954632635,5139.223094222818,-0.6171721556487423,5548.107836914062,5011.105341796875,4374.245662841797
2024-08-26,5619.91748046875,5733.569641454563,5563.5530997204905,5690.178406665838,19022.0,62.49291034925602,-24.89706379345526,161.138988310858,5522.456052331313,5158.073854467756,-0.6703871626089513,5575.840307617187,5028.778974609375,4383.294525146484
2024-08-27,5701.7431640625,5850.233962543023,5608.255846816576,5608.255846816576,186784.0,66.01924557464702,-26.99079846941379,166.91321169768577,5539.531015353331,5179.394219549903,2.265232015341673,5601.655322265625,5048.735400390625,4392.799370117187
2024-08-28,5790.9541015625,5830.846287302292,5675.99039302598,5740.12916978435,123474.0,69.39741541538953,-23.137103873068668,166.05197473901623,5563.476071182776,5203.376960020985,1.3236803176065004,5621.5966796875,5071.252734375,4402.997332763672
2024-08-29,5788.67041015625,5835.6086189302905,5765.541767811864,5830.7980207585415,37321.0,69.20774170517726,-21.54393219714413,159.1958944804027,5584.923151085011,5226.329644340016,-0.3732196991831622,5638.086206054688,5094.998603515625,4413.135091552735
2024-08-30,5894.01318359375,5927.977770625144,5753.102236587087,5753.102236587087,36735.0,72.88873957408317,-14.533556655327061,160.31586873452093,5614.360297038225,5252.513312546045,-0.4014118944966403,5660.347631835937,5119.375224609375,4423.834342041016
2024-09-02,6140.12158203125,6269.225261345253,5908.5419136100045,5927.97790674688,100866.0,79.15748370841082,4.521180099741201,175.66559795001965,5664.432800370894,5287.3214799768375,0.787503579788258,5694.0474853515625,5149.69896484375,4435.637583007812
2024-09-03,5957.1318359375,6194.153674931627,5927.977846528344,6162.229961626293,43086.0,66.79129900481882,2.7318625215963834,182.130614410967,5692.308898996285,5313.588552759608,-0.3847691883610481,5722.981225585938,5179.733427734375,4446.661362304688
2024-09-04,5985.36279296875,6025.158180757578,5879.436624952205,5889.106221837244,205379.0,67.63143713538668,1.4450798440598476,179.52996736771024,5720.2187936603295,5339.932640610948,2.5173137859407415,5742.44169921875,5210.42041015625,4457.531896972656
2024-09-05,5974.38134765625,6093.5724808113655,5928.0263141635805,6052.368270213187,123739.0,66.9222062437268,-1.9650059587602016,178.53112445914414,5744.42475118375,5364.812982063704,1.0080911593145299,5760.37255859375,5240.929296875,4468.609320068359
2024-09-06,5990.36767578125,6122.337880284994,5957.131937483653,6000.328622332508,156724.0,67.45722319013973,-4.801675747402612,177.57932576930105,5767.847886859703,5389.344538680079,1.411044007185879,5777.781689453125,5271.676767578125,4479.773195800782
2024-09-09,5972.97216796875,6147.750434868124,5949.406025789553,6009.414655874726,33557.0,66.20241340393574,-9.249643362745132,179.0625460056775,5787.3835326796125,5412.231896691399,-0.6534837347461636,5793.806616210937,5303.70603515625,4490.74576171875
2024-09-10,5954.70263671875,6112.911437409072,5926.034545689259,5997.947723186964,24602.0,64.83828290501506,-14.509067753191914,179.62071355668718,5803.318685445244,5433.5052590454125,-0.789225039032389,5810.07490234375,5335.305185546875,4501.592443847656
2024-09-11,5947.31689453125,6064.030133509607,5928.026575566409,5986.286157438971,20959.0,64.26180003631637,-19.27374272066541,176.50520244143803,5817.032800596293,5453.654734946818,-0.8300743266978473,5827.879418945313,5365.33171875,4512.164069824219
2024-09-12,5942.31201171875,6081.42503909904,5923.118968302184,5952.175683433054,20006.0,63.84753006440502,-23.282676558132266,175.205264466825,5828.964154036527,5472.817765408463,-0.86028346273054,5846.22099609375,5395.68513671875,4522.622762451172
2024-09-13,5921.70947265625,6005.624465992721,5905.626378510832,5981.572425040254,29865.0,62.073550264166364,-27.550111613668662,169.83332325361525,5837.797041524121,5490.421361771122,-0.6946564856751464,5859.694848632813,5425.461318359375,4532.973853759766
2024-09-16,5774.19091796875,5976.422532209526,5757.913272851407,5923.993748131421,19194.0,51.121015771504766,-39.792555568528996,173.31017583250838,5831.739315471228,5501.549579661225,-0.8093937396473653,5865.442602539062,5451.6794921875,4542.348740234375
2024-09-17,5755.67822265625,5857.522640520903,5741.198027643634,5774.190816974712,14226.0,49.930375508841344,-48.06826361064688,169.23977847856273,5824.495401869802,5511.5154087982855,-0.8900954886631032,5868.153955078125,5477.408583984375,4551.347531738281
2024-09-18,5665.73779296875,5814.957918105624,5642.26892566733,5802.907222499429,10692.0,44.50689175833315,-57.87266598419683,169.4861509042578,5809.375629593511,5517.563345432422,-0.8953788352344049,5861.096264648438,5502.0605078125,4559.725872802735
2024-09-19,5507.47998046875,5704.463959822963,5482.893639066637,5646.155980676562,18102.0,36.9097606156583,-72.34921363254617,173.20644875083414,5780.6236630102,5517.1679193554155,-0.7043877184256587,5848.747094726563,5521.176611328125,4567.593317871094
2024-09-20,5303.013671875,5585.904658585644,5245.386139645159,5506.217083428369,223043.0,29.826068851389095,-91.7793066521782,185.15731090723776,5735.1369971878,5508.76971357187,2.110931163058351,5829.3888671875,5530.27,4574.494703369141
2024-09-23,5392.0302734375,5421.524487254619,5294.412810321755,5372.011106059242,23195.0,35.61914336580817,-94.35705106012621,181.0111941947825,5702.460166354438,5504.191696311698,-0.6933804423404694,5817.9945068359375,5542.448828125,4581.957095947266
2024-09-24,5320.1171875,5412.195204399374,5277.843902696593,5411.952254486711,31950.0,33.23234416246784,-96.29203811045483,177.67834473106808,5666.046549320682,5496.973088123004,-0.4952330183616038,5798.9132080078125,5555.02099609375,4588.827349853515
2024-09-25,5274.4912109375,5363.265207408254,5256.464516515585,5363.265207408254,14591.0,31.777421210575014,-95.8256711411514,172.61565517118242,5628.755564712759,5488.248308625533,-0.6808105290683768,5773.090063476562,5565.061572265625,4595.389293212891
2024-09-26,5263.41259765625,5343.926293839631,5228.28213508951,5296.308110824875,19393.0,31.41774481348868,-91.45549161772583,168.54626256967805,5593.960996421663,5479.431221920856,-0.5902938152579246,5746.827172851563,5573.63439453125,4602.139284667969
2024-09-27,5665.4462890625,5719.624119594062,5264.287108509309,5324.441886502472,95880.0,52.450661386949726,-58.295262302363,189.09378109597333,5600.769119530315,5486.725930436214,0.5174048653321166,5735.398828125,5588.715751953125,4610.991701660157
2024-09-30,5560.68603515625,5636.146658099298,5396.403493015216,5612.143016777034,67362.0,48.29439615935682,-41.03784048083037,194.80442502106695,5596.951682923261,5489.626326699745,0.1150717939267251,5706.42705078125,5602.17912109375,4619.280950927734
2024-10-01,5405.6357421875,5663.502883236231,5379.883050561798,5605.3889774267645,40228.0,42.878696277726505,-37.76851214298558,201.14838271059313,5578.731117138903,5486.3325782875,-0.2942390099298585,5678.85224609375,5613.47177734375,4626.7782849121095
2024-10-03,5330.078125,5480.950020511418,5271.624471013344,5407.093247185378,61903.0,40.49552514386013,-38.27891446215922,201.73246605255605,5555.049879792341,5480.204952668382,0.16749451874514115,5646.0880126953125,5619.771689453125,4633.718630371094
2024-10-04,5458.015625,5603.396951954407,5403.206217978929,5412.924214773855,186588.0,45.971264309058505,-28.057794232333222,206.84577754554542,5545.8085221930705,5479.334782955897,2.1117934107660785,5620.2697265625,5626.50990234375,4641.256158447266
2024-10-07,5492.36865234375,5535.516461747906,5344.995330847964,5442.078020635201,41805.0,47.37170356611664,-17.554564610949285,205.6797313565737,5540.71901077885,5479.845915088755,-0.1405040030343214,5595.369775390625,5634.24431640625,4648.936711425781
2024-10-08,5463.11767578125,5617.002252817411,5452.962653647026,5519.822283045484,141209.0,46.271895748285296,-11.44415947589573,202.7054362004174,5533.328407445745,5479.189905704147,1.4173584779060702,5569.87705078125,5642.20130859375,4656.460141601562
2024-10-09,5544.99169921875,5613.989476498862,5497.033290108359,5513.165259698698,38139.0,49.78598807262171,-1.2895877137687393,199.00303366593133,5534.439197138413,5481.770368194916,-0.2944776571067503,5549.39150390625,5649.39228515625,4664.096610107422
2024-10-10,5581.3369140625,5675.164457902405,5548.976174513135,5593.678959806935,19166.0,51.30846563626117,7.964866940678775,194.08658545291158,5538.905646369279,5485.674938621096,-0.606711011011213,5531.092504882812,5653.176484375,4671.718217773438
2024-10-11,5596.3515625,5684.493985726597,5496.547542789792,5624.388078948332,17768.0,51.9565223690554,14.790591366111748,193.64800384461827,5544.376686000776,5490.015198381053,-0.6272491461964415,5513.794482421875,5655.92591796875,4679.231591796875
2024-10-14,5685.611328125,5771.518325318692,5596.351432215695,5596.351432215695,49017.0,55.728819770800435,24.44065816218876,192.32792450593107,5557.827604298322,5497.6856348415995,-0.12713136723349985,5501.989575195313,5660.662451171875,4687.177980957032
2024-10-15,5601.40478515625,5850.233895855588,5583.134667020404,5685.611129967543,47640.0,51.61169183043492,24.229175822834762,197.6687319580206,5561.977811999076,5501.753052500998,-0.17536167706457623,5493.350268554687,5663.368056640625,4694.705029296875
2024-10-16,5528.52001953125,5766.562068170804,5490.668231915454,5636.826809947669,33123.0,48.28650611407682,18.515057976619538,203.25623940782984,5558.791355573569,5502.802737482576,-0.43901443083988173,5481.992358398437,5666.36931640625,4701.960876464844
2024-10-17,5625.1650390625,5761.800165724097,5568.36363382398,5576.23483143558,52826.0,52.64338844766035,20.428333571939557,205.40080417818817,5565.1126587629915,5507.601259113162,-0.14355493129387673,5479.963720703125,5666.94955078125,4709.701882324219
2024-10-18,5513.01953125,5635.077664778259,5454.22565117938,5568.412112473558,26145.0,47.628869143426705,13.650930554230126,203.64731913680887,5560.1514085236595,5507.81374037343,-0.6138722310719338,5480.240698242187,5664.894658203125,4716.826369628906
2024-10-21,5439.98876953125,5606.263784667044,5423.954075294823,5602.1336361516005,17767.0,44.64637044658815,4.246759698105382,202.12320415362402,5548.707347667239,5505.153937595305,-0.7603040636334435,5487.089453125,5660.850732421875,4723.4415209960935
2024-10-22,5348.39697265625,5446.160118271198,5267.202822272958,5442.0783696893,33311.0,41.16482773876198,-7.505037300347347,200.4684964282395,5529.630169094764,5499.006605636911,-0.42188299098249804,5484.907788085938,5654.76919921875,4729.594851074219
2024-10-23,5346.35595703125,5397.715665189784,5214.677099959954,5346.793456693308,17577.0,41.08793694614638,-14.380205115612263,199.22350134263883,5512.1754822315725,5493.020305691591,-0.7567638009392474,5486.2197265625,5649.109580078125,4735.706821289063
2024-10-24,5209.52685546875,5356.802910591349,5077.653446022913,5356.802910591349,15422.0,36.205472551512905,-26.40747393601894,204.93249871591004,5483.351803492256,5481.902915486773,-0.8070418051894755,5482.971508789063,5641.4755859375,4741.141650390625
2024-10-25,5153.84228515625,5246.746428694079,5082.3177344006535,5246.746428694079,24382.0,34.413251640087765,-35.79484815724316,202.03936982858974,5451.969944603113,5469.037792728714,-0.6125003632049113,5477.492993164063,5633.042822265625,4746.186237792968
2024-10-28,5119.97509765625,5177.748779377923,5041.065247061862,5101.948403103246,24309.0,33.332528327920485,-41.561567817167216,197.37109572055198,5420.35138775103,5455.349059588617,-0.5441494019837493,5450.21943359375,5622.39767578125,4750.648991699219
2024-10-29,5049.85986328125,5192.325794121851,5016.430048522739,5181.927347533186,20558.0,31.151385440770824,-46.97516881759739,195.83714214044912,5385.066480658671,5439.447522478525,-0.5748353065356329,5424.678125,5610.21015625,4754.666979980469
2024-10-30,4953.79736328125,5138.8768056651,4941.601466869711,5100.976617423621,25032.0,28.408599799262333,-53.43247993611578,195.93987047294482,5343.993231384631,5420.4024181962795,-0.4515522262682141,5402.086206054688,5595.257080078125,4758.191853027343
2024-10-31,4954.1376953125,5008.315529676547,4910.212632696491,4954.1376953125,20877.0,28.432641385240345,-53.93147846189977,188.9515152234528,5306.8641327110945,5402.117527102798,-0.49860111907604127,5383.2891845703125,5578.202001953125,4761.736062011719
2024-11-01,5013.9033203125,5033.92248920664,4960.065711372721,4975.614506706178,4214.0,32.70639401815757,-46.75445964139996,181.15389227135907,5278.963102958847,5386.893440562002,-1.0337203087439255,5361.083569335938,5563.39080078125,4765.659521484375
2024-11-04,5041.939453125,5062.1042955385965,4894.614533649136,5013.902938770535,61077.0,34.67705305059991,-37.06083223799794,180.1778829583663,5256.38942202229,5373.365833211531,0.9184087951855352,5338.562109375,5550.426025390625,4769.611342773437
2024-11-05,5104.32958984375,5123.328084418935,5015.555591202498,5042.523033224999,12943.0,38.96084815046609,-24.021137890704537,175.0060694053713,5241.907533243382,5362.815392295148,-1.0186618301938002,5320.622705078125,5540.114267578125,4774.202116699219
2024-11-06,5169.24560546875,5194.269447991816,5132.754716176637,5149.566661348668,15365.0,43.1391236440632,-9.351811208713684,168.92991145842095,5234.9873496457985,5355.224420262741,-0.7756674216143481,5301.835400390625,5529.46431640625,4779.048156738281
2024-11-07,5196.4072265625,5235.910787039495,5147.962919589878,5194.269077549163,14209.0,44.84048868544491,3.1818645164438806,163.14547974350634,5231.313052209293,5348.996295019594,-0.8268344062685717,5282.588916015625,5517.57337890625,4783.967214355469
2024-11-08,5137.75927734375,5233.141321854627,5115.601959742049,5233.141321854627,8574.0,41.92357176601731,8.236501180462739,159.88789991272571,5222.403168888765,5340.712490404855,-1.1382964391233072,5259.6593017578125,5504.55515625,4789.036682128906
2024-11-11,5056.56494140625,5165.11515238133,5046.069694965203,5150.538157595682,17013.0,38.21703509804852,6.880818267524262,156.97058259154008,5206.609051985668,5329.569449267655,-0.5190569397803185,5228.206982421875,5487.80619140625,4793.7769775390625
2024-11-12,5136.25244140625,5238.000053398402,5071.2880151584,5071.2880151584,16852.0,43.49699608007204,11.829758514280883,158.7180489772981,5199.9084224066755,5321.988390135835,-0.45478377684429405,5204.949365234375,5467.72880859375,4798.927546386719
2024-11-13,5061.22998046875,5136.252630645116,4983.874631463965,5136.252630645116,26794.0,40.028677397117264,10.570692102294544,158.26518827757334,5186.70095174592,5311.762570148891,0.29821060112311193,5181.58486328125,5449.810771484375,4803.552783203125
2024-11-14,5060.1123046875,5149.566271380443,5033.922114691583,5058.217105592604,17568.0,39.97753454372344,10.178907715593809,155.2208288783795,5174.644890121308,5301.89393228766,-0.2971479424012438,5153.3322265625,5431.30576171875,4808.621156005859
2024-11-18,5039.55859375,5074.932481732382,4968.61721706762,5074.932481732382,14307.0,38.99094487971158,9.08769473802549,151.72757429169255,5161.779528562136,5291.60627195285,-0.5271052145397329,5129.6591796875,5412.609306640625,4813.38896484375
2024-11-19,5032.51318359375,5149.5182479424,4990.19149615253,5039.558731470499,18280.0,38.63894177199095,8.456652160759987,152.27037268441953,5149.468448088956,5281.445758683865,-0.18613267370179193,5109.285400390625,5393.452216796875,4817.832221679688
2024-11-21,4986.595703125,5063.708105649939,4956.178561756499,5042.328511854127,10111.0,36.33653177181095,5.647116634090807,149.0745991993496,5133.9567580923895,5269.883011407048,-0.8058007650507325,5091.195336914063,5373.7246875,4821.7843334960935
2024-11-22,5078.28466796875,5120.655226959005,4986.644152188656,5015.4579164654215,12148.0,43.56770631993411,10.388275370997235,148.00209381611066,5128.654654271091,5262.369350880056,-0.597160525987447,5077.791772460938,5356.196328125,4826.202133789063
2024-11-25,5110.5,5193.39479794006,5077.653360410963,5160.256333738223,14028.0,45.893125363533926,15.79437832992808,145.69776122418114,5126.925639578606,5256.41369006123,-0.4262791223681982,5072.8404296875,5339.459990234375,4830.873752441406
2024-11-26,5115.0673828125,5142.229372436554,5062.055902486515,5125.465828719727,9658.0,46.2314172612866,19.533432483266523,141.01745470459952,5125.796281791358,5250.870697620104,-0.7355235875631325,5070.901684570313,5322.91509765625,4834.335544433594
2024-11-27,5162.63720703125,5178.72030133003,5077.653138384201,5077.653138384201,27760.0,49.75497226051889,24.731400049316278,138.16386243611592,5129.304941338014,5247.410560734266,0.8007482679814008,5073.0347900390625,5307.73365234375,4837.640317382812
2024-11-28,5156.07763671875,5294.364538286782,5110.2569032218025,5174.735905450715,12454.0,49.275446916172484,27.06052086334762,141.44556048103473,5131.854721850465,5243.8288774395405,-0.4673274324363972,5078.345678710937,5295.37138671875,4840.688896484375
2024-11-29,5163.41455078125,5186.494792738819,5132.26856143892,5155.445603753384,4521.0,49.85755457296788,28.294572517514283,135.2156083966679,5134.8604198438725,5240.675374433334,-1.0320458005604063,5088.8265380859375,5283.52611328125,4843.4705859375
2024-12-02,5190.33349609375,5199.128093063379,5133.1429921677445,5164.143305895103,9519.0,52.03256273053229,29.962755443414935,130.2705721465941,5140.143569962908,5238.7011831259,-0.566027202187273,5100.636328125,5274.01802734375,4847.232634277344
2024-12-03,5218.904296875,5265.113179999298,5189.410082868746,5238.000064918079,15159.0,54.29843541579246,31.852720910884358,126.37289535973397,5147.644591573583,5237.924834645472,-0.14939519266267315,5110.886376953125,5268.246513671875,4851.5171875
2024-12-04,5209.9638671875,5255.492778038614,5151.510210129936,5247.718380437966,11993.0,53.44761484916134,31.31614237640104,124.77358625608711,5153.57976067967,5236.8283261177085,-0.44523194527349025,5119.28759765625,5266.385517578125,4856.503544921875
2024-12-05,5139.11962890625,5237.902970921316,5131.102281591264,5237.902970921316,25847.0,47.143766367386334,25.264849135946626,123.4898079042275,5152.202605272678,5232.996612501573,1.764695052998386,5121.027099609375,5261.3273046875,4861.136164550781
2024-12-06,5085.33056640625,5128.187028172772,5036.157406575843,5121.384430257818,34940.0,42.99717288131656,17.10509611914439,122.02355179181174,5145.833839666351,5227.205787164501,2.5032960849502244,5116.83134765625,5256.631572265625,4865.6536791992185
2024-12-09,4914.58544921875,5129.158625165659,4906.762177218793,5129.158625165659,39660.0,33.05742782983657,0.5487009451261784,129.1930443743156,5123.8101834332465,5214.946166068589,2.432067985273245,5102.740258789063,5249.43345703125,4868.461801757812
2024-12-10,4909.8720703125,4984.117468877852,4897.870249699122,4947.48043216576,22390.0,32.83179684442908,-9.808126213627176,126.12548543177378,5103.435125040794,5202.982476038939,0.4826698322190679,5091.3458984375,5242.362646484375,4871.088891601563
2024-12-11,4933.146484375,4980.473318198407,4902.72934445092,4907.588342810137,10703.0,35.18435628909816,-13.927791986195857,122.66966316861044,5087.217159263099,5192.400672444275,-0.7693853567556321,5085.174975585937,5227.716650390625,4873.5925390625
2024-12-12,4939.3662109375,5012.542533890139,4917.306169345503,4952.290956321083,13883.0,35.831168523018306,-14.97881220672842,120.71014183832654,5073.136116565423,5182.477752385186,-0.40346518039150303,5075.3306640625,5215.29025390625,4876.044685058594
2024-12-13,4882.3701171875,4954.234895163439,4843.935628666568,4939.657899591166,12669.0,32.61880344402998,-18.051514853839016,119.96650788536546,5054.967926148478,5170.708825514689,-0.469248377569798,5066.387670898437,5204.82494140625,4878.183112792969
2024-12-16,4857.443359375,4891.262272484792,4761.866767247942,4761.866767247942,12132.0,31.297276983392095,-20.142559575756728,120.64000769618579,5036.1560626462415,5158.423905273918,-0.4954783487700937,5056.254223632813,5195.37224609375,4880.683549804688
2024-12-17,4879.50341796875,4904.381584423212,4831.787959269151,4874.644419618721,17077.0,33.851469279298186,-18.46420628745642,117.2081232288912,5021.236763153147,5147.485846948225,0.036637914223717254,5048.25146484375,5183.802001953125,4883.451267089844
2024-12-18,4907.05419921875,5140.772027747421,4820.1265259967,4922.165494793002,94119.0,37.00154835531475,-14.118760650800738,131.739364551879,5010.362233254634,5138.057154880403,3.768933997781656,5041.978515625,5172.095712890625,4886.450200195312
2024-12-19,4871.04833984375,4888.1037079498,4834.703128812871,4834.703128812871,9336.0,34.67736047282051,-12.353285454473848,127.49734354145042,4997.094243405978,5127.586220957397,-0.571172067620181,5036.201147460937,5160.254326171875,4889.551669921875
2024-12-20,4538.255859375,4912.933015880915,4471.250085267153,4871.048357041417,337182.0,21.336959661935055,-31.209508049090886,149.93917118947272,4953.395349688742,5104.475226385539,4.096455249027376,5009.19970703125,5140.119609375,4891.066459960937
2024-12-23,4696.3193359375,4727.805551387695,4562.648002187724,4565.466600933472,41161.0,34.270710530356126,-30.60612373295959,152.76849410541718,4928.911919807671,5088.4691130346355,0.041735605360469955,4988.490673828125,5122.4192578125,4892.518801269532
2024-12-24,4668.3798828125,4738.592408115436,4639.41996829204,4671.440956833432,21473.0,33.23063829923282,-29.637980092228133,148.94020451384426,4904.09934485575,5071.995025574944,-0.23612336718221816,4966.156298828125,5103.85982421875,4893.618190917969
2024-12-26,4737.7177734375,4758.90281568966,4640.391660319728,4664.6382510333615,14059.0,38.24002877104638,-22.216400290540648,146.76670100356483,4888.253480911155,5058.886113726416,-0.3275867211867926,4944.910327148437,5084.901953125,4895.136479492187
2024-12-27,4736.50341796875,4790.486702414883,4673.336436397198,4749.573839448531,8556.0,38.18599420674004,-15.590827056396336,144.65124136171633,4873.801093964259,5046.243655069253,-0.399755712006068,4923.931616210937,5067.60392578125,4896.640004882813
2024-12-30,5214.43408203125,5314.772398011258,4645.202425030868,4693.792408556295,307747.0,61.33976332178019,20.80195161016131,182.14543647733586,4906.24233092302,5052.839358087371,2.701581206487431,4926.482592773437,5061.32220703125,4900.3414233398435
2024-12-31,5132.56005859375,5149.5665531550285,5033.922390138337,5140.868756131919,37760.0,57.374947383294995,38.17162915528829,182.0287404355914,4927.796400224995,5055.965660068014,-0.17726362819125854,4923.593920898437,5051.470107421875,4904.054663085937
2025-01-01,5157.7783203125,5202.043605235786,5027.362615502714,5121.384233064186,30466.0,58.26966603916783,49.454826844663955,181.50390109969717,4949.6994402333285,5059.958313410935,-0.2639316275828598,4920.537622070313,5044.365283203125,4907.977075195313
2025-01-02,5174.00732421875,5202.04384071731,5082.609751419333,5199.128441591183,27605.0,58.86802599044904,55.64526202057583,177.07034311385996,4971.062095850988,5064.430823638693,-0.3038786726010173,4918.739794921875,5039.045654296875,4912.572810058594
2025-01-03,5076.0498046875,5189.410139135404,5058.168786001777,5174.007019756447,39037.0,53.84900577313268,50.90519550185736,173.79684382955762,4981.06092526399,5064.886469954333,-0.18870124117916098,4915.5863037109375,5033.5987109375,4917.1161328125
2025-01-06,4984.0693359375,5126.000493022473,4963.952892243005,5076.681658002635,28328.0,49.57491290401759,39.82800257921822,172.95761218312262,4981.347440566228,5061.717170581124,-0.2999249203399088,4910.5232421875,5026.352978515625,4921.426088867188
2025-01-07,5196.990234375,5341.934538919069,4947.72361187564,4988.24784908075,117953.0,57.904272942932835,44.726823228804975,188.76142038743023,5001.884849500397,5067.021996612257,0.6141961191721681,4924.643481445312,5026.10224609375,4926.865856933594
2025-01-08,5230.080078125,5387.657297581053,5116.71974305566,5208.846160720499,78281.0,59.03672736941223,47.80395613581042,194.6311442544276,5023.617728417025,5073.416431181384,0.1633235238438855,4940.653881835938,5027.627001953125,4931.878894042969
2025-01-09,5179.74072265625,5254.6665732927,5150.538331918583,5245.871975945653,18611.0,56.54459319676621,44.14477059191734,188.16665119154828,5038.486585011237,5077.586011239222,-0.4787664563562124,4952.98359375,5028.822314453125,4936.821608886718
2025-01-10,5106.27294921875,5220.410535381877,5053.358267554828,5220.410535381877,12922.0,53.02643406959421,34.87859523559319,186.65848095122692,5044.942429221476,5078.710989199204,-0.5389470075914616,4961.328930664063,5029.950576171875,4941.354719238281
2025-01-13,4946.9462890625,5142.375300324791,4918.812498419379,5106.273036983577,17531.0,46.298691439111586,17.02500657195364,189.29450387652585,5035.60946349205,5073.543746056588,-0.4929601061354266,4964.5577392578125,5029.8135546875,4945.00111328125
2025-01-14,4943.83642578125,5077.605034143558,4846.656455746342,5009.627455299512,24081.0,46.175543686161795,4.655495824396235,192.26979491371804,5026.869174186259,5068.4571844771635,-0.4306424519577051,4968.877392578125,5029.607529296875,4948.7251806640625
2025-01-15,4821.63232421875,4963.126447003838,4802.585430843765,4954.040025448342,47397.0,41.50384062025043,-11.23919781451894,190.00345357417197,5007.322807522687,5058.77777819252,-0.19762317174267438,4965.983837890625,5025.762109375,4951.827360839844
2025-01-16,4819.88330078125,4887.617926003874,4791.360886230183,4822.0698499877135,10776.0,41.4392202683636,-20.797403604121925,183.30728115985195,4989.471425928265,5049.409367313647,-0.5453090375858288,4961.62529296875,5021.320986328125,4955.291511230469
2025-01-17,4818.2802734375,4859.921986227764,4782.226409021932,4824.985596584818,8842.0,41.37563511987274,-25.82624600694147,175.7635880202791,4973.16750664343,5040.345481279288,-0.5657406459867661,4958.986889648438,5015.6,4959.075131835937
2025-01-20,4794.81103515625,4858.463911729894,4769.009469945045,4858.026412086221,23364.0,40.39828583440832,-29.089138218565957,169.59864900346267,4956.181176025603,5030.716679470541,-0.335289351102402,4971.8146484375,5008.11130859375,4962.786810302734
2025-01-21,4805.0634765625,4843.497963772346,4761.866791352233,4782.226184278302,12861.0,41.05334015083619,-28.85578201329009,163.3152578189377,4941.7890141719745,5021.867534258461,-0.46830932488570237,4977.25185546875,5000.28443359375,4965.325782470703
2025-01-22,4657.35009765625,4844.42154132841,4628.827681342102,4794.957031124684,19095.0,35.07249633996301,-36.45851940302455,167.0494436880356,4914.69959355143,5007.57273282308,-0.3736773450320348,4976.700366210937,4990.67625,4967.564285888672
2025-01-23,4649.72119140625,4691.800401781135,4635.4844211576265,4664.6384112278,14793.0,34.79059126020813,-39.5512602682825,159.13991061199798,4889.4635552518885,4993.539339042028,-0.43820530056130097,4972.300537109375,4982.539375,4969.740010986328
2025-01-24,4581.01513671875,4675.425377541832,4567.458341835704,4675.425377541832,18427.0,32.274571088517774,-43.46275170185801,155.48470526157868,4860.0875153915895,4977.361919343076,-0.3929680855619655,4964.526123046875,4971.43462890625,4971.742227783203
2025-01-27,4461.9697265625,4554.922268886097,4412.067719255064,4544.183597965404,13643.0,28.43714028143458,-50.79585294680365,156.44632756172922,4822.171535503105,4957.150460802661,-0.6277904858379554,4926.902905273438,4959.449423828125,4973.106470947266
2025-01-28,4298.5615234375,4527.129008011773,4288.600576280234,4470.181449361578,22013.0,24.186128435120708,-62.60449543316528,162.30933500242992,4772.30391530638,4931.323443651087,-0.27828539076052994,4885.202978515625,4944.218408203125,4973.849534912109
2025-01-29,4360.07666015625,4393.749425100154,4300.262103485818,4304.9754269668965,13923.0,28.518191299890788,-62.102521516437776,157.51494690673167,4733.044176720653,4908.92160900423,-0.5509378797876391,4845.317895507813,4930.62876953125,4975.230079345703
2025-01-30,4391.70849609375,4444.525904411338,4367.85100338973,4421.688611582286,10750.0,30.710690275570144,-55.67634427114939,152.2959681459,4700.536016660948,4888.63874183127,-0.6320719586562494,4806.202954101563,4917.81267578125,4976.954986572266
2025-01-31,4410.2216796875,4434.176447886328,4324.55715474899,4324.55715474899,13735.0,32.0248122394605,-46.584166074615084,149.247634216717,4672.887032187286,4869.877288413867,-0.4723998986705332,4772.911547851562,4906.2851953125,4978.925333251953
2025-02-01,4434.17626953125,4465.322259503925,4335.198377115112,4340.105775699734,12138.0,33.77499638128519,-35.844184563786655,147.8816519432953,4650.152673839093,4852.790973947882,-0.4984600355359652,4745.41689453125,4893.40302734375,4981.254547119141
2025-02-03,4377.13134765625,4445.983448532002,4252.643716195043,4445.983448532002,24868.0,31.68294744375892,-29.721902897698186,151.1286576856998,4624.1506427740605,4834.137655269778,0.24949411778650876,4704.4239501953125,4878.735654296875,4983.267139892578
2025-02-04,4300.99072265625,4389.035866288496,4286.851227482718,4387.578166806213,16429.0,29.092681192411774,-27.965747089673357,147.632656337134,4593.373507524745,4813.229932422189,-0.16467263810013255,4657.969482421875,4862.45412109375,4984.903858642578
2025-02-05,4253.5673828125,4342.972957228481,4228.300590042766,4342.972957228481,39060.0,27.580244105468367,-27.14184532857155,145.2783499691755,4561.011019456912,4791.282381457104,2.097979411674476,4611.660815429687,4844.272724609375,4986.222071533203
2025-02-06,4290.447265625,4320.573056256929,4247.493529177429,4274.946870640396,26813.0,30.60175482068132,-21.50355615711169,140.12129119134153,4535.243042901492,4771.641788679374,0.7516440718343088,4570.86953125,4826.9601171875,4987.6611682128905
2025-02-07,4235.005859375,4334.032154876516,4207.2611674717855,4334.032154876516,17807.0,28.665527229619215,-18.98598869662274,139.16769806372645,4506.649025422778,4750.5972424321435,-0.1789088421797117,4535.272509765625,4808.391943359375,4988.78296875
2025-02-10,4128.30224609375,4224.413137927352,4110.8098521478805,4179.71035339902,16807.0,25.342126575899854,-21.784565578666957,138.09829157539738,4470.615998820013,4726.19351708554,-0.24565892796584277,4494.49580078125,4787.151318359375,4989.385498046875
2025-02-11,3995.214111328125,4158.087830633394,3945.506653198149,4158.087830633394,21760.0,21.927407706187438,-29.40263980975513,143.41849770824368,4425.339628582691,4697.527658036231,0.5477378219749642,4453.174890136719,4762.677514648438,4989.349152832031
2025-02-12,4004.348876953125,4026.9920936122103,3897.4511522030143,4010.033999834839,20677.0,22.697333952799056,-30.498781762609923,142.42724368688314,4385.245271284637,4670.344176425129,0.33261003659178157,4412.398168945312,4738.56521484375,4989.114558105469
2025-02-13,4051.481201171875,4300.651014740024,3973.6888278391702,3994.0966207921233,116608.0,26.71322802654757,-24.95521302870128,155.6083110593096,4353.458216988183,4646.0750401406885,4.07228918234659,4374.058215332031,4716.812446289063,4989.084229736328
2025-02-14,4060.421875,4128.982150289919,3947.4501660384135,4080.586717674864,23705.0,27.482827421608988,-17.921029229103567,157.46000200160935,4325.5499939416895,4623.1082493508575,-0.003974521216462788,4337.338757324219,4696.314272460938,4988.823282470703
2025-02-17,4035.398193359375,4075.09630540768,3935.8373630478177,4060.4220352567872,27337.0,26.6396230712147,-12.447980490980939,156.15992631291314,4297.916489124326,4600.060796174721,0.12434715492078745,4298.855493164063,4678.73052734375,4988.341579589844
2025-02-18,4008.625244140625,4035.6894853784815,3955.710562230984,4013.046742840645,18080.0,25.730041594426297,-8.323589928535768,150.71842608681203,4270.364941983022,4576.86724511456,-0.2817726773110205,4266.419250488281,4660.705590820313,4988.045286865235
2025-02-19,4014.164306640625,4069.897113931664,3960.08374863217,4022.278928978786,13696.0,26.29077971762861,-3.179671304995452,147.79663603057503,4245.964881474222,4554.800463213622,-0.4721702630261134,4234.64140625,4642.325947265625,4987.488571777344
2025-02-20,3994.14501953125,4034.329030543107,3955.224632789625,4034.2806303645248,203656.0,25.540248019067775,0.7097879925108543,142.89004758221122,4221.982037479654,4532.813975226078,3.696976849220424,4205.297900390625,4623.4215234375,4986.870402832032
2025-02-21,3979.616943359375,4061.6367410139674,3965.331298334532,4020.335254833061,16716.0,24.982867179378914,3.9579031071228883,139.5625758034415,4198.899647563437,4511.119973976403,-0.3727250540275926,4181.180261230469,4605.366459960937,4986.099166259765
2025-02-24,4074.51318359375,4343.944649851305,3979.519763118813,3979.617037990923,1098565.0,34.96652060661738,13.607947927344782,155.62416944123083,4187.053317661562,4493.998139059437,4.171854217093726,4169.977844238281,4589.707856445312,4985.678760986328
2025-02-25,4008.8193359375,4097.010156477048,3990.25786723568,4071.4520148195215,46306.0,31.810367268081336,16.485227458250222,152.13332085552636,4170.07865273546,4474.971519329165,-0.17762984183489378,4152.414978027344,4572.294174804688,4984.767108154297
2025-02-27,3935.885986328125,4023.250682823353,3898.763048677159,4002.551539404757,33270.0,28.711855954984998,14.467055898742785,150.15862894771695,4147.774589268095,4453.830910191869,-0.23649847910406402,4129.623852539063,4552.870810546875,4983.387180175781
2025-02-28,3936.517578125,3973.494603629025,3799.736772318398,3887.441693981246,52535.0,28.776555671712003,14.148075677085274,151.84428625935337,4127.654873921134,4433.544112855914,-0.1651178641231825,4105.938647460937,4534.1801953125,4982.167392578125
2025-03-03,3829.716796875,4013.532608231018,3761.9337703800575,4013.532608231018,59107.0,24.695072511989665,8.022507744925747,158.9696113730396,4099.279818964359,4409.864610268427,-0.1479633902779915,4075.715673828125,4520.0094140625,4980.477841796875
2025-03-04,3873.7392578125,3891.0859772638046,3756.00581971144,3799.785443405288,31580.0,29.155436465760886,8.185497569020242,157.26322181441998,4077.799765521325,4388.840086642705,-0.263930465645219,4050.5460693359373,4503.5578125,4978.905280761719
2025-03-05,3957.60546875,3967.2748278934505,3848.520957167641,3858.044641264739,23220.0,36.83159920818599,14.805568007238577,154.5125538795192,4066.352689638342,4371.928925156716,-0.30026010326589314,4033.376806640625,4489.34232421875,4977.437846679688
2025-03-06,3995.214111328125,4022.327227170698,3953.086738061853,4008.6736316360502,15514.0,39.97263059454393,22.13998161750328,148.42169211018532,4059.577586942131,4357.155795202654,-0.32695846606762713,4020.4591430664063,4474.492250976563,4976.245399169922
2025-03-07,4021.695556640625,4045.942147592062,3982.143595789415,3995.2140163099302,17450.0,42.153783257124864,28.77707637699004,142.3771820882183,4055.969774532464,4344.000491729634,-0.3167735585255423,4007.0215576171877,4460.19609375,4974.642443847656
2025-03-10,4031.365234375,4077.671393500405,3975.146528864015,4021.695637905619,30435.0,42.96868479681653,33.49070120600163,139.53058798451625,4053.626484993658,4331.740285558864,-0.26567804027457886,3996.8395263671873,4436.534716796875,4972.702390136718
2025-03-11,3976.5556640625,4024.2708861282736,3895.1188032033488,3939.335688764969,43080.0,39.566290847767675,32.56038928637173,139.2960053550259,4046.2864068097383,4317.811476872733,-0.21891802043830919,3989.252197265625,4413.41462890625,4970.831955566407
2025-03-12,3960.6181640625,3982.4350190460896,3912.465443308823,3940.890583452088,24063.0,38.608944791616416,30.547848643638503,134.34411752518594,4038.1275265480967,4303.803895978214,-0.2986134926898971,3987.5223999023438,4389.47142578125,4968.649982910156
2025-03-13,3950.705810546875,3982.094749504925,3921.3572712489854,3966.8861798519474,36328.0,37.99321394032045,28.27737475611528,129.08650043452548,4029.801648833695,4289.956912235809,-0.2510458728787944,3984.8402465820313,4365.005395507813,4966.3032507324215
2025-03-17,3978.25634765625,4011.5891245092153,3936.711910865366,3970.433312692424,12510.0,40.81827955718903,28.290599603269072,125.21440852090575,4024.892572531081,4277.733360683669,-0.32770596539616853,3981.17900390625,4343.049526367187,4963.867977294922
2025-03-18,3978.25634765625,3978.25634765625,3978.25634765625,3978.25634765625,0.0,40.81827955718903,27.911818392043614,116.27052219798391,4020.4510273049063,4265.989164094359,-0.3741380495363114,3977.0707275390623,4322.9332666015625,4961.651512451172
2025-03-19,3953.4267578125,4007.701864630332,3945.5066853538183,3970.91915198402,23066.0,38.962832031523384,25.659008617368798,112.40799770359317,4014.0677635437246,4253.731814828404,-0.2774782598316069,3972.9721557617186,4298.061997070313,4959.15271118164
2025-03-20,3999.2958984375,4048.322907469455,3950.414327199104,3957.265562377895,30645.0,44.02486395669304,26.803035798538318,111.37232502979018,4012.6609192478936,4243.753935754251,-0.24883254547133818,3972.5056884765627,4273.446313476563,4956.209927978515
2025-03-21,4000.99658203125,4058.72138847587,3978.402239332324,4008.6737046481417,39956.0,44.20961099995131,27.136345498264774,109.15424103791558,4011.5500299891655,4234.23403952982,-0.21596272315977375,3971.847302246094,4249.871430664062,4953.542032470703
2025-03-24,3982.192138671875,4075.533308130122,3964.9913317872392,4003.814681551614,38368.0,42.53783026538724,25.573602022660296,109.25336498827038,4008.7540403399,4224.350043417743,-0.18915289121005666,3971.249658203125,4227.389814453125,4949.957534179687
2025-03-25,3976.75,4042.6867037605225,3960.083730246185,4042.6867037605225,15764.0,42.04233077464051,23.698834401074308,107.34976559727518,4005.706036498005,4214.640237793517,-0.2833890063999001,3971.106311035156,4207.985888671875,4946.18498046875
2025-03-26,3897.013916015625,4003.814603871937,3884.283245552459,3978.061912851887,30021.0,35.514821509059516,16.931494043306216,108.2198793631468,3995.3544059758733,4202.184303606149,-0.009740218628482605,3962.23134765625,4187.0494384765625,4941.872945556641
2025-03-27,3861.0087890625,3917.324533402632,3854.157553826553,3909.550135916345,44601.0,33.021642238423865,10.204556257869086,105.00181509264196,3982.5595853174564,4188.804871663261,1.018108553793209,3954.8408203125,4167.836967773437,4937.374847412109
2025-03-28,3891.57177734375,3989.140369280073,3843.1274689065194,3858.0446887388407,57644.0,37.06071631836936,8.080542567613463,107.93117832699281,3973.894079796151,4177.148671886026,1.6957567142678522,3952.625109863281,4149.270737304688,4933.030772705079
2025-04-01,3922.232177734375,3938.266872584457,3867.762757777334,3879.9102538758807,15600.0,40.910400150046634,8.9406962563789,105.25781664700209,3968.9738986474104,4167.1519466251775,-0.9189441932677999,3951.91083984375,4131.349775390625,4928.960754394531
2025-04-02,3933.21337890625,3943.5629501990175,3863.4381171070695,3940.647551270827,13775.0,42.27229711691016,10.349919392455888,103.46260353592679,3965.568134862538,4157.977885146004,-0.9769620572103958,3957.0856689453126,4114.117822265625,4925.107211914063
2025-04-03,3955.12744140625,4032.482791201843,3891.134574529537,3984.3787068146894,30289.0,44.99674991181247,12.703534924376115,106.16871875995388,3964.5737831047963,4150.022965783661,0.23151602739278687,3961.155078125,4097.1191015625,4921.557412109375
2025-04-04,3904.010986328125,3955.079108067482,3843.4678175038975,3955.079108067482,26065.0,40.2275933675341,10.836105953755798,106.5609262701252,3958.8058976974944,4140.375437177561,-0.08728727683797396,3958.4753540039064,4082.0523193359377,4918.070582275391
2025-04-07,3803.380859375,3830.1053496037607,3596.63048496886,3596.63048496886,28382.0,32.846766318477506,3.2363572331008967,120.90518163363518,3944.003513095352,4127.159963538245,0.03583030256275637,3948.88369140625,4065.1255126953124,4913.711575927734
2025-04-08,3910.230224609375,3919.268008852578,3784.479444147063,3878.306748294155,21052.0,44.49237587481285,5.675573101236957,121.89685185305517,3940.787009430021,4118.6529149528,-0.52980586005273,3943.3104248046875,4051.709814453125,4910.143054199219
2025-04-09,3921.114501953125,3960.90988934412,3830.008280372616,3887.198787435068,17883.0,45.528652612900785,8.141946263759188,122.54004879008724,3938.913437289364,4110.90631052144,-0.7117549704784681,3937.797888183594,4040.8927099609373,4907.471583251953
2025-04-11,3965.185546875,3999.538759621077,3888.3647366077257,3999.538759621077,19928.0,49.62918738840643,12.59539456962527,121.72818980603469,3941.4155429641864,4105.191770770599,-0.489104032871542,3937.229382324219,4034.2251904296877,4905.042442626953
2025-04-15,4079.517822265625,4110.61541233432,3935.788743069189,4013.532718240927,34401.0,58.38210222413085,22.516046093587406,125.52093833882732,3954.5681409928948,4104.1849492606,0.5777068661869775,3943.174365234375,4028.614013671875,4903.195346679688
2025-04-16,4083.3076171875,4095.261037699563,4046.5737798836662,4085.931666071296,14700.0,58.63866863656111,28.23749625163891,120.03281830147515,3966.829043487619,4103.366230355772,-0.8358732919517431,3949.8044555664064,4022.44599609375,4901.3469140625
2025-04-17,4046.768310546875,4084.376672464201,4033.940365304524,4078.643149405707,17456.0,55.11100423084503,28.388972462654202,115.06163893420384,3974.4423070170715,4101.146704088756,-0.6565581465166505,3953.2300537109377,4015.1769287109373,4899.7232116699215
2025-04-21,4073.200927734375,4080.5866999216096,4008.6735263578566,4047.5455120679935,21385.0,57.12063404143058,28.99537313278376,111.97960569345734,3983.847889942529,4100.050791290546,-0.4912635008079627,3957.9772827148436,4007.957421875,4898.215490722656
2025-04-22,4134.521484375,4148.903928950161,4045.7963688503296,4081.558405071101,22097.0,61.434134625100924,32.01550358615755,111.34588815105546,3998.1977560789546,4101.402583176211,-0.42458374688787126,3967.032019042969,4003.105224609375,4896.658146972656
2025-04-23,4123.83203125,4147.641123924826,4061.734125257564,4147.446574179994,15935.0,60.295458563408644,31.721712473584528,109.52882461649882,4010.162925142864,4102.282169375183,-0.8775776621390989,3973.258825683594,3999.56205078125,4895.1541015625
2025-04-24,4155.318359375,4224.413414893589,4114.30869558678,4132.092440793085,24401.0,62.500262072003565,31.985480170083004,109.56995995152097,4023.987252212591,4104.3620199634115,-0.09593046234865803,3980.9749145507812,3997.5970703125,4893.76619140625
2025-04-25,4129.07958984375,4241.905628260624,4059.207287341266,4167.077052458547,28172.0,59.53340541659438,28.828105532519064,114.79341573493795,4033.9960462727013,4105.331336429307,0.2920816293821789,3988.319287109375,3994.369716796875,4892.095178222657
2025-04-28,4153.56884765625,4213.042699649113,4083.5992750682703,4130.148381929356,22317.0,61.37623904061942,26.86357906564324,115.83984493821687,4045.383932118754,4107.223003536246,-0.27816032936598617,3997.1602294921877,3992.7409765625,4890.516904296875
2025-04-29,4148.02978515625,4176.600601713432,4092.248576732879,4174.365652186198,13924.0,60.70288399338033,23.772125665118566,113.5907149412409,4055.1597276461343,4108.823269482129,-0.9639941544123176,4009.7110229492187,3993.13552734375,4889.091345214843
2025-04-30,4171.7412109375,4215.666743481943,4107.991535596883,4130.148377085813,20540.0,62.594717334795405,21.948911735063767,113.16817872294223,4066.2627260548356,4111.290639735281,-0.2779510937969762,4025.2476440429687,3996.6660693359377,4887.191677246094
2025-05-02,4203.81103515625,4217.610780972359,4130.148806251734,4188.942689258376,12310.0,65.04573248457751,21.499569074035907,111.3320212942053,4079.362565016875,4114.918890536103,-1.4285642015705369,4040.8596069335936,4000.6553125,4883.969011230469
2025-05-05,4139.9638671875,4203.908095639811,4132.092194961767,4193.21829927467,11168.0,57.03318814065828,15.764697364259533,108.5094412501938,4085.1341176045535,4115.901046483217,-1.5097277372291513,4051.74619140625,4002.4249658203125,4880.753386230469
2025-05-06,4123.92919921875,4189.428402466812,4103.521406026497,4130.148622241696,16331.0,55.19432634098029,10.032941013013634,106.89498090663105,4088.828887282096,4116.215876002258,-0.7355020594910159,4061.281982421875,4003.6951123046874,4877.91548828125
2025-05-07,4155.02685546875,4178.738673036692,4053.1819631026815,4081.558703896303,17852.0,58.021184345059986,7.588613167262672,108.22796155144384,4095.1334556808247,4117.737875197022,-0.4180828695043107,4071.276953125,4006.087685546875,4874.828310546875
2025-05-08,4142.7822265625,4201.284759796424,4069.897247207072,4150.556624360413,14098.0,56.50938478644346,4.549618157800339,109.8822151970087,4099.671433860031,4118.720006623119,-0.9548904453470716,4083.2155151367188,4008.7708251953127,4871.368364257813
2025-05-09,4130.05126953125,4138.50611635617,3984.4758706415137,3984.4758706415137,13838.0,54.90747087599223,1.2558006059769795,113.34108239157854,4102.564751543005,4119.164369874418,-0.9116182190816163,4099.549035644532,4011.088564453125,4867.461728515625
2025-05-12,4129.5654296875,4216.347425070265,4093.220216871155,4093.220216871155,15058.0,54.843576722124176,-1.2464748713469191,114.04009137783076,4105.136244699623,4119.57225457297,-0.6377600128555143,4110.515795898437,4013.79697265625,4863.671967773437
2025-05-13,4202.06201171875,4212.751808695833,4148.710301708172,4148.904376946259,17567.0,61.95748126039464,1.538954936428098,111.83625478000945,4114.367270130016,4122.80714701006,-0.19428652792229023,4124.563171386719,4018.2458740234374,4860.477263183594
2025-05-14,4280.77734375,4288.260390659467,4180.876532206714,4215.666768941544,21098.0,67.87521258729522,7.885957651067997,111.5182264709197,4130.215848570014,4129.002056686137,0.41379909435290213,4140.342761230469,4022.3711572265624,4856.805737304688
2025-05-15,4333.44921875,4363.38045837028,4264.256893391713,4280.777487554808,18130.0,71.1132964694243,14.452558616248552,110.63289350718027,4149.571407634774,4137.019592453347,0.04833604974387117,4153.039331054688,4028.8637548828124,4852.867458496094
2025-05-16,4288.74658203125,4350.455862350835,4275.91863631767,4339.182891043683,10732.0,65.11449417814765,14.565413279340646,108.0546315447506,4162.8261861487235,4142.96967047601,-1.517278572430524,4163.311279296875,4035.920966796875,4848.782951660156
2025-05-19,4342.0009765625,4361.436970190802,4280.777596633351,4322.564982934199,15028.0,68.52123021028211,16.845460127948897,106.0978274028006,4179.890451902416,4150.7748197343035,-0.5534996863114693,4178.072912597656,4044.030634765625,4845.166616210938
2025-05-20,4810.2138671875,4907.588384946914,4445.983536857847,4445.983536857847,1454991.0,83.64421383347289,46.80762482042249,138.9185117586301,4239.9212533581385,4176.63517453639,4.248101984466643,4214.923559570312,4063.640576171875,4843.290471191406
2025-05-21,4838.4931640625,4886.208621598156,4711.770585087244,4807.395575380889,147060.0,84.13982117854842,64.36752026917094,141.45562066950737,4296.928101996649,4202.590389811924,0.16037382738091863,4250.122143554688,4082.935654296875,4840.522302246094
2025-05-22,4994.46728515625,5023.232651189383,4713.228546772783,4795.831521303851,116572.0,86.55899312059677,81.23587365640401,153.49479808001402,4363.360405154706,4233.64438570778,0.049914289531895126,4293.65390625,4103.672890625,4838.200239257812
2025-05-23,5002.63037109375,5026.4394640542405,4933.341241384793,4959.093933770629,48064.0,86.67356005925193,87.16840698015093,149.1807569792593,4424.243259053663,4263.800698860171,-0.16745707805029517,4336.019506835937,4123.821215820312,4835.969467773438
2025-05-26,5036.44921875,5208.846390580711,4971.435913740029,5028.57754627983,88922.0,87.1617864169111,87.37420329475904,155.48287982650376,4482.548588548552,4294.100640816635,-0.04954007513611081,4381.38798828125,4144.1162890625,4833.821091308594
2025-05-27,5264.82177734375,5284.646394919625,5017.110146231896,5038.392463254696,127414.0,89.8626434344283,96.19662345029258,163.48669188801986,4557.050797005238,4332.168136366718,0.05438774410640604,4436.950634765625,4168.785419921875,4833.252915039063
2025-05-28,5355.587890625,5407.093272262294,5210.887017116122,5228.282136012067,87856.0,90.70006017748177,100.956317225146,165.82380354931644,4633.101948778548,4372.302244376847,-0.0811656440661179,4497.328540039062,4196.366064453125,4832.050087890625
2025-05-29,5427.79248046875,5442.078125352422,5336.3465115787685,5355.587955145928,41982.0,91.31470898327595,101.50540886898199,161.53150427962623,4708.786761320472,4413.694018341236,-0.22863615490695557,4560.131103515625,4225.70955078125,4831.1102294921875
2025-05-30,5455.0029296875,5511.367310876915,5377.258955633135,5392.516400345928,44312.0,91.5415864724493,96.28382007929889,159.57270791992298,4779.854967831618,4454.529661923442,-0.2266732701197588,4622.690698242188,4255.7954931640625,4830.174318847657
2025-06-02,5464.91552734375,5519.822209533653,5422.642241055948,5432.360237903719,40953.0,91.62738984396837,86.39564612520655,155.1160836740503,4845.098830642297,4494.152637037964,-0.24225955316573242,4688.93828125,4285.528676757813,4829.236528320313
2025-06-03,5532.94140625,5587.848087457188,5439.162738347458,5442.078137349609,56463.0,92.21130719520457,77.61264210753882,154.65674549088453,4910.60764736684,4534.889451516868,-0.2000875646356329,4759.388891601562,4316.622377929688,4828.75455078125
2025-06-04,5588.333984375,5635.466268218524,5510.590011024857,5532.455503529584,45111.0,92.6601943437204,68.99963412620355,152.52956775536904,4975.153012796189,4576.201001825029,-0.24049833200065626,4831.054248046875,4349.320522460937,4828.740087890625
2025-06-05,5633.5224609375,5692.316338613318,5585.904279018242,5610.685169608876,37818.0,93.0139203062575,60.136218431331145,149.23546002963386,5037.854865000123,4617.664588456892,-0.26759607998855345,4905.591259765625,4382.005053710937,4829.030297851563
2025-06-06,5545.57470703125,5646.155970884353,5518.364316810121,5612.142983107941,23374.0,84.48054549871718,42.94698112552578,147.70375960424806,5086.209135669755,4654.0532205578465,-0.3149392212567171,4976.367431640625,4412.896616210937,4828.497009277344
2025-06-09,5450.33837890625,5569.869736774747,5425.55748764083,5546.0606451667945,25934.0,76.31567678902513,20.877343718925772,147.4615088563673,5120.888111216088,4685.280089512686,-0.30874250196782943,5042.406079101563,4442.259541015625,4827.4525219726565
2025-06-10,5610.685546875,5645.184436095415,5462.971993029845,5500.386281339309,53195.0,79.84726338481603,13.168850881076025,150.84611945156712,5167.535486040746,4721.5704996053255,-0.22847034209368874,5112.837255859375,4474.938251953125,4826.998693847656
2025-06-11,5613.11474609375,5674.338123691379,5580.073558183918,5611.171146804936,21562.0,79.89617074140185,4.757766854157921,146.804579884131,5209.971606045794,4756.53301907546,-0.32885286009953,5179.454125976563,4509.260268554687,4826.029809570313
2025-06-12,5722.92822265625,5762.77200888972,5610.199461605456,5624.776456568921,62639.0,82.0203824670353,3.189405002501644,147.21657755556907,5258.824617151552,4794.4308701962755,-0.20607873526631482,5248.928076171875,4546.4986572265625,4825.872133789063
2025-06-13,5716.611328125,5760.342311510572,5621.860864122928,5685.5137399397045,24381.0,81.48699844262542,-1.4262933160327407,146.5926396864315,5302.423351529976,4830.594809722892,-0.33006755716301345,5320.321313476563,4582.999448242187,4826.004299316406
2025-06-16,5707.37939453125,5823.995353554535,5668.021508360892,5743.335981896763,25189.0,80.66142101197751,-7.892820734280576,147.26272579408945,5340.990593720573,4864.978518931063,-0.3293067228650932,5388.590234375,4618.702392578125,4826.441608886718
2025-06-17,5695.23193359375,5812.3337931617125,5675.310040472229,5733.618020340095,28547.0,79.51979912118655,-15.34849873188216,146.5313705723319,5374.727864184685,4897.537476368815,-0.7775546633092636,5432.841137695313,4653.942763671875,4826.409052734375
2025-06-18,5629.1494140625,5741.878172289734,5594.650526846407,5699.604887954521,15052.0,73.43112971390818,-26.44034529306566,146.58110449168868,5398.9584879825725,4926.228140592098,-1.1300736738822352,5472.373950195312,4687.423203125,4825.600029296875
2025-06-19,5504.2734375,5667.535785222458,5467.345049324683,5626.720198291843,29638.0,63.53161307446616,-42.92161712070822,150.41036387783768,5408.988483174709,4948.896583608094,-0.6030250869050561,5497.8642578125,4719.428452148438,4824.178044433594
2025-06-20,5427.01513671875,5660.73295216881,5383.770052363126,5503.301409121368,57233.0,58.29538125973102,-58.78022491927993,159.44983072982672,5410.70530732176,4967.646330788904,0.37066816535367747,5519.08349609375,4751.901137695312,4821.843054199218
2025-06-23,5480.46435546875,5500.386249127249,5409.522978050678,5427.015372482531,18309.0,60.70813249532986,-64.94180397903392,154.55079075459417,5417.349026192903,4987.756841560663,-0.9350281879342808,5541.284252929688,4783.3058203125,4818.5447680664065
2025-06-24,5403.2060546875,5588.333888036056,5357.045571306627,5588.333888036056,26645.0,55.692628499285966,-72.8959061643651,160.03204260993954,5416.002076525721,5004.048967565636,-0.6390997595247381,5548.203466796875,4812.947651367187,4815.775139160156
2025-06-25,5415.353515625,5486.294889629598,5289.50546174013,5437.219007612719,19942.0,56.303901774667985,-75.6847485775751,162.65757012990588,5415.940308820891,5020.178557685612,-1.0342944355628196,5551.191748046875,4841.9510107421875,4812.925092773437
2025-06-26,5517.392578125,5530.997773385898,5383.770124669749,5430.4165084214,26006.0,61.15222141387541,-69.18073764567956,161.5554328860661,5425.602429706996,5039.677146722451,-0.5590309658845403,5555.6717529296875,4870.708505859375,4810.640148925781
2025-06-27,5537.314453125,5592.707033649416,5477.062874308968,5520.793858933507,62883.0,62.037842416054986,-62.275947440585554,158.27605620423623,5436.24167003252,5059.192335208825,1.769248197925186,5559.787329101562,4899.788642578125,4808.3748828125
2025-06-30,5517.392578125,5635.466236996367,5510.589980494551,5587.848053583223,38342.0,60.55125801560361,-57.882712624999726,155.8903562254919,5443.97032794609,5077.1609721859295,0.2184778042420556,5562.411181640625,4929.201127929688,4806.096984863281
2025-07-01,5537.80029296875,5602.424969547222,5527.596396666886,5586.876175182477,44544.0,61.56723385236301,-52.58830608206111,150.8290730252583,5452.906515091105,5095.225259275452,0.6797111774085277,5562.654125976563,4958.493115234375,4804.012473144531
2025-07-02,5553.8349609375,5580.559451125738,5524.68097164124,5529.539969857284,43674.0,62.38690485428788,-47.16582234683341,144.04688777234685,5462.518748028857,5113.209953458278,0.6287908956274412,5560.929174804687,4986.879384765625,4802.045063476562
2025-07-03,5619.91748046875,5665.592064868202,5544.117106359021,5568.412098060858,71599.0,65.63935426043977,-38.645880450770676,142.43460711069218,5477.509103499323,5133.080836870453,2.0778526108857345,5560.24892578125,5016.80109375,4800.433090820313
2025-07-04,5620.88916015625,5685.027936880025,5578.1299756737335,5636.437954513529,65640.0,65.68633931590225,-32.69828112918955,139.89627526037785,5491.164346990459,5152.2105750385235,1.5234199800199972,5564.0146484375,5046.112509765625,4798.928989257813
2025-07-07,5671.4228515625,5686.485746387589,5591.249379106382,5655.874056904344,76615.0,68.12729520049986,-25.437301484247655,136.7062818332942,5508.331823616369,5172.571840784562,1.8203003017113806,5575.068872070313,5076.959375,4798.415148925781
2025-07-08,5686.0,5729.730986156213,5649.0716116903095,5708.351392924286,84610.0,68.81641566411308,-19.97043886391984,132.70293130705198,5525.252602319571,5192.706278400853,1.9320711939557567,5578.8345947265625,5107.607998046875,4798.0667578125
2025-07-09,5669.0,5690.5,5601.0,5685.5,62010.0,66.9971603570225,-17.884339182448173,129.61700764226256,5538.942830670088,5211.384463561604,0.8165787477579358,5581.628857421875,5138.02740234375,4798.083068847656
2025-07-10,5474.0,5658.0,5451.0,5613.0,45327.0,50.504175480707396,-29.345375140125327,135.9300785249581,5532.757799177699,5221.683112049385,0.09424204537793922,5569.182446289063,5164.072578125,4797.915668945312
2025-07-11,5517.0,5574.0,5426.5,5443.0,42113.0,53.23790387051867,-33.44119878691677,136.7565014874611,5531.25705639887,5233.264166478821,-0.09943755403987632,5559.201879882812,5190.336357421875,4798.985600585937
2025-07-14,5411.0,5514.0,5386.0,5509.0,24273.0,46.43007981717449,-42.1385528538643,136.3453228097853,5519.804003408502,5240.234199165926,-0.9469112177238835,5544.38291015625,5215.757080078125,4799.08044921875
2025-07-15,5431.0,5495.5,5406.5,5448.0,25412.0,47.786758024547865,-45.127059443090076,132.96351403765777,5511.346479274359,5247.715210963341,-0.8795723352839742,5531.171313476562,5241.89849609375,4799.63486328125
2025-07-16,5352.0,5431.0,5321.5,5415.0,26097.0,43.139345921773234,-50.595803599566196,131.28754874925363,5496.170624105372,5251.804810533406,-0.9015576243715561,5517.3138427734375,5265.837958984375,4800.022407226563
2025-07-17,5362.0,5399.0,5338.5,5365.5,12862.0,43.883312179185204,-51.537341857000015,126.23129526716409,5483.39246942867,5256.126190512488,-1.4395041745761896,5510.200170898437,5290.222314453125,4800.515344238282
2025-07-18,5319.5,5392.5,5237.0,5371.0,18862.0,41.4038594843616,-52.824921495597856,128.32191703379522,5467.783662816416,5258.611437943372,-1.048494860942712,5504.8244140625,5314.0112890625,4798.785612792969
2025-07-21,5334.5,5383.0,5307.5,5349.5,21335.0,42.635785123031084,-50.471981764704985,124.5489229599527,5455.0899806434245,5261.587459984808,-0.9493115656311005,5497.526196289063,5338.10998046875,4797.654682617187
2025-07-22,5293.5,5372.5,5247.5,5342.0,13768.0,40.15099843129361,-49.419333328255284,124.58114274852751,5439.700458677384,5262.838932142267,-1.2309315861895442,5492.0408935546875,5359.938740234375,4797.09400390625
2025-07-23,5291.0,5331.5,5267.0,5322.0,13317.0,39.99792734295229,-46.66724714065181,120.28963255220413,5425.538510231918,5263.943287744532,-1.2156943516462335,5485.823217773437,5380.143193359375,4796.89861328125
2025-07-24,5289.0,5320.0,5251.5,5300.0,15517.0,39.866983564605356,-42.85598227181105,116.59037308418955,5412.534842590782,5264.925903911413,-1.0732905376481219,5474.403588867188,5399.254208984375,4796.05353515625
2025-07-25,5371.5,5435.0,5268.5,5280.0,50795.0,47.50182809623354,-33.09036748244861,120.15534643531886,5408.626762344041,5269.105280228613,0.4815427569870654,5466.112866210938,5420.90927734375,4795.449191894531
2025-07-28,5300.5,5374.0,5260.5,5374.0,16262.0,42.500654704149966,-29.82520293702844,119.6799645470818,5398.328975454132,5270.336445709844,-0.9617714261279557,5455.268237304687,5440.0792578125,4794.636103515625
2025-07-29,5277.0,5314.5,5241.5,5276.5,11291.0,40.96337969799566,-27.70624328891039,116.34568136514739,5386.773834934691,5270.597761564361,-1.069670783094566,5442.22822265625,5449.41498046875,4793.296145019532
2025-07-30,5260.5,5310.0,5230.5,5230.5,16260.0,39.87285857122388,-25.906910251337642,113.71384698192257,5374.747755417101,5270.201770914778,-0.7940424497565561,5427.561474609375,5457.8551171875,4791.691960449219
2025-07-31,5194.5,5233.5,5179.0,5230.0,15338.0,35.770717184936984,-27.502164262225406,111.41285791178525,5357.581302520234,5267.23307401616,-0.7516882874071983,5406.290600585938,5461.855771484375,4789.682702636719
2025-08-01,5054.5,5246.0,5025.0,5246.0,14853.0,28.963709777440457,-35.80127794676402,119.24051091808631,5328.716416565926,5258.89060052533,-0.6937025827756456,5377.971142578125,5462.8931640625,4786.527145996094
2025-08-04,5009.0,5034.5,4921.0,5000.0,23227.0,27.15508769299572,-41.754820161360485,120.25904585250872,5298.267234035838,5249.090969132179,-0.227868793995931,5344.85,5462.3441796875,4783.565122070312
2025-08-05,5090.5,5118.0,5009.0,5047.5,18084.0,34.98630680441313,-37.726098113092746,119.45482829161524,5278.479878413377,5242.871715440722,-0.4388539896628005,5315.075,5458.857744140625,4781.375021972656
2025-08-06,5051.5,5110.0,4989.5,5092.0,14828.0,33.14975911893528,-35.25592156159959,119.52948341364274,5256.862747135912,5235.366942286184,-0.6327786499602254,5284.2,5452.775986328125,4778.506696777344
2025-08-07,5020.0,5040.5,4940.0,5031.5,17767.0,31.702238789206007,-33.333114014633125,118.95594888409683,5234.304390265825,5226.921179843589,-0.28687876608398494,5261.5,5444.62013671875,4776.041599121094
2025-08-08,4993.0,5045.0,4960.0,5005.5,11695.0,30.473921586078703,-31.491031107690105,116.5305239638042,5211.323019764317,5217.74780024188,-0.849387592487335,5235.3,5435.380078125,4773.806655273437
2025-08-11,5060.5,5200.0,4915.0,4995.0,14601.0,37.04142330218277,-23.693566210451536,128.5640579663896,5196.958922643906,5211.581219840237,-0.4619949800895488,5217.775,5427.291767578125,4772.367170410156
2025-08-12,5102.0,5200.0,5083.0,5118.0,29076.0,40.74728914084154,-14.177396080380987,129.34519668307607,5187.915215725438,5207.283917101405,1.1604429574843205,5201.325,5418.672939453125,4771.145390625
2025-08-13,5107.0,5147.0,5068.0,5126.0,15634.0,41.196391524036684,-6.379859746054549,125.74911120571349,5180.209004703968,5203.351214469977,-0.30227066327821356,5189.075,5409.046259765625,4770.632756347656
2025-08-14,5328.0,5513.5,5263.5,5280.0,432057.0,56.7868797100343,13.73086685659581,145.8027461195911,5194.284337589304,5208.239402137821,4.230174878775588,5187.375,5402.935810546875,4771.503544921875
2025-08-18,5766.5,5873.5,5354.5,5400.0,410584.0,72.41463217922286,54.35407151069171,174.3525499681917,5248.781067342704,5230.131974603005,2.8294868106519404,5209.725,5407.35431640625,4774.736169433594
2025-08-19,5698.5,5787.0,5630.0,5712.5,87254.0,68.29020793864609,73.25703385274664,173.11308211332087,5291.611441881493,5248.499348147985,0.20252517084049826,5227.925,5412.317548828125,4777.9793701171875
2025-08-20,5655.5,5702.0,5640.0,5650.0,18624.0,65.74036551648142,78.98371857991587,165.1764333909408,5326.267495035637,5264.460158024535,-0.3524965352138485,5246.025,5413.213837890625,4781.4878833007815
2025-08-21,5680.5,5746.5,5644.5,5691.0,27845.0,66.52299770477285,80.3111467568908,160.6638310058736,5360.0039240798615,5280.775445945143,-0.2846189128142112,5265.5,5414.56154296875,4785.119694824219
2025-08-22,5668.5,5765.0,5622.5,5693.0,24723.0,65.74661774395122,76.26732126746883,159.36641450545403,5389.3845027389225,5295.980330417882,-0.31398513834915553,5284.475,5413.472978515625,4788.392678222656
2025-08-25,5466.5,5697.5,5425.0,5670.5,42894.0,54.26556653576635,56.76969727486851,167.4473848979216,5396.7288358114065,5302.667376283847,-0.16373315883969428,5289.225,5408.470751953125,4790.515480957031
2025-08-26,5249.0,5446.0,5227.5,5440.0,47033.0,45.127713958880044,27.489466025700988,172.55828597664149,5382.659422876986,5300.562773292324,-0.1431978879936858,5286.65,5399.3031640625,4791.238833007813
2025-08-28,5168.0,5300.5,5155.0,5259.5,21924.0,42.27281085262356,2.261061231573361,170.6255512640242,5362.215668317273,5295.364233163214,-0.35184785252008577,5281.2,5388.758525390625,4791.232604980469
2025-08-29,5156.0,5215.5,5105.5,5168.0,20961.0,41.85040626337226,-14.706957182680028,166.29515474516532,5342.5760808584855,5289.8989691175975,-0.3618614266218617,5275.975,5379.295537109375,4791.0305688476565
2025-09-01,5135.0,5204.5,5099.5,5200.0,14573.0,41.07685793906518,-26.148872724738943,161.91692940622494,5322.806930300535,5283.824499740436,-0.41345286451962937,5273.0,5371.910068359375,4791.016772460937
2025-09-02,5107.5,5183.5,5079.5,5155.0,17342.0,40.03332182909706,-33.88254616982752,157.78000587720888,5302.301508367151,5276.909813476105,-0.3921135405838017,5275.65,5365.519765625,4791.271447753907
2025-09-03,5174.0,5197.0,5085.5,5100.0,21618.0,43.75442942097832,-32.810467792524676,154.47429117169395,5290.0823170940885,5272.874134516258,-0.3565829468843708,5283.9,5359.390478515625,4791.460185546875
2025-09-04,5155.0,5269.5,5131.0,5259.5,19299.0,42.934668912346325,-31.656943452210417,153.3332703737158,5277.217334513699,5268.251619437189,-0.37601460663587055,5287.125,5354.426357421875,4791.929035644531
2025-09-05,5118.0,5185.0,5090.0,5148.5,16965.0,41.31148193869981,-31.589405383226158,149.16660820416467,5262.053778845728,5262.359399067103,-0.39601921596572004,5290.45,5348.479287109375,4792.218474121094
2025-09-08,5143.5,5169.0,5088.5,5118.0,10333.0,42.913319095709376,-28.145480293887466,144.26185047529577,5250.762942765183,5257.698246162511,-0.44637617126489526,5296.625,5341.001435546875,4792.738181152344
2025-09-09,5153.0,5169.5,5082.5,5141.0,13145.0,43.531674608630595,-23.722770853923823,140.17171829848894,5241.452186311356,5253.592432587511,-0.4242227751717004,5304.625,5333.315146484375,4793.340615234375
2025-09-10,5140.5,5180.0,5121.5,5153.0,10593.0,42.873615889781426,-20.268343692805377,134.33802413431115,5231.837692376941,5249.157435231139,-0.44301656514341176,5308.625,5325.777294921875,4794.11013671875
2025-09-11,5167.5,5200.0,5100.0,5142.0,19390.0,44.8141679695001,-15.03491050934089,131.8853081247175,5225.710293102947,5245.955182869134,-0.36711217375442007,5311.9,5318.3712890625,4794.556213378906
2025-09-12,5227.0,5292.0,5132.5,5187.0,32701.0,48.93118121900933,-6.852434355084469,133.85778611580912,5225.833122331238,5245.211842364462,-0.26668822298537087,5317.9,5311.83458984375,4795.138713378907
2025-09-15,5162.5,5230.5,5149.0,5227.0,14424.0,45.01104467055665,-5.14826634948848,130.11794425039417,5219.80139639493,5241.9682407031105,-0.34345206339879053,5309.625,5302.686240234375,4795.375876464844
2025-09-16,5140.5,5183.5,5125.0,5169.0,7270.0,43.724318328587984,-4.869927035997158,125.00237680393744,5212.248882452555,5237.989094008872,-0.9581169632340553,5278.325,5293.07845703125,4795.265190429687
2025-09-17,5202.5,5221.0,5140.5,5180.0,10663.0,48.21702237728924,-0.12807722108961173,121.82363560365619,5211.320417457075,5236.597364832053,-0.9564511751965002,5253.525,5283.7,4795.497302246094
2025-09-18,5192.5,5250.0,5150.0,5216.0,12309.0,47.55754565020936,2.568259019728238,120.26480448910932,5209.527996746877,5234.868056407267,-0.7564316923134029,5230.375,5273.83,4795.642729492188
2025-09-19,5107.5,5190.0,5095.5,5179.0,22146.0,42.26587766476927,-0.9510177888748927,118.60303273988723,5199.8110446757455,5229.873230665806,0.20436124135321276,5201.725,5262.6,4795.228562011719
2025-09-22,5066.5,5174.0,5050.0,5150.0,15998.0,39.95642335588541,-5.371489364894487,118.98853040132384,5187.114754706627,5223.466437306362,-0.3442885435343641,5171.625,5254.45,4794.466540527344
2025-09-23,5026.0,5100.5,5011.0,5062.0,13425.0,37.76147511371808,-10.080932394875418,116.88220680122927,5171.770492353615,5215.722655451211,-0.5256604486538473,5149.6,5244.63,4793.5467211914065
2025-09-24,5005.0,5049.5,4975.0,5045.0,10230.0,36.63761106020159,-13.457199419741869,113.85490631542719,5155.887588319938,5207.459021904105,-1.0210009067583001,5137.4,5236.51,4792.876123046875
2025-09-25,4977.0,5021.0,4970.0,5019.0,5927.0,35.136056006191566,-16.236920023186116,109.36527015003954,5138.85067514661,5198.421413201983,-1.543100194387918,5127.85,5227.43,4792.334470214843
2025-09-26,4931.0,4980.0,4770.5,4907.0,22680.0,32.76058239833745,-19.608730062998866,116.51775085360815,5119.055372751695,5187.9342989587685,1.1363420346304174,5116.6,5219.01,4792.41654296875
2025-09-29,4905.5,4997.0,4857.5,4933.0,15596.0,31.489622956815793,-21.82194006639625,118.15934007835043,5098.716765822963,5176.85844409764,-0.0010687636718034734,5105.125,5209.88,4792.394682617188
2025-09-30,5036.0,5055.0,4912.5,4912.5,17041.0,43.557739403755676,-13.18764971615576,120.39795864418254,5092.74374050649,5171.334583544791,0.23198331157369212,5101.55,5204.21,4792.908950195312
2025-10-01,5151.0,5442.0,5101.0,5200.0,381834.0,51.64173163606671,0.8339034692099645,140.79810445531237,5098.291955696348,5170.537148895975,4.236805028137269,5100.4,5200.54,4793.967119140625
2025-10-03,5222.5,5252.0,5162.0,5192.0,31079.0,55.87342857628049,14.719086632756152,137.95538270850435,5110.121293249077,5172.574907762801,-0.03784917807444171,5103.775,5199.12,4795.667768554687
2025-10-06,5223.5,5269.0,5199.0,5269.0,15084.0,55.931511786310416,23.25821838799652,133.10142680075404,5120.919265320594,5174.571970203476,-0.2314011576257653,5109.05,5197.77,4797.498051757812
2025-10-07,5223.0,5247.5,5175.0,5175.0,12022.0,55.891897305758626,27.85017661379443,128.77275345784304,5130.641240051966,5176.471108626869,-0.2697844488591999,5113.025,5196.45,4799.215534667968
2025-10-08,5188.0,5258.5,5159.5,5180.0,9793.0,53.05894823100504,27.462219315024562,126.64612821085426,5136.103979094636,5176.92322201405,-0.2947110667992553,5114.775,5192.78,4800.620263671875
2025-10-09,5266.5,5275.0,5165.0,5168.0,20092.0,58.17896084414184,31.15399769557274,125.45711905293611,5148.52264775229,5180.436036837029,-0.17540328964873436,5121.075,5192.1,4802.597521972656
2025-10-10,5333.0,5340.0,5235.0,5255.0,14852.0,61.963836308734315,36.372528010854104,123.99589626344068,5166.0919193949285,5186.418937353224,-0.23635104838662876,5129.35,5193.22,4806.571242675781
2025-10-13,5529.5,5578.5,5270.0,5270.0,51067.0,70.46866313313812,50.48782882594049,137.17476081605207,5200.702212785888,5199.873096672705,0.19333203520755926,5144.475,5198.6,4810.737145996094
2025-10-14,5390.0,5540.0,5366.5,5498.0,18906.0,60.18084284381525,47.88169862079513,139.76942075776265,5218.730573472946,5207.329053665932,-0.20081494221588178,5155.85,5202.51,4814.345246582031
2025-10-15,5335.0,5431.5,5320.5,5390.0,9636.0,56.66815486806099,40.21497756786288,137.71446213220818,5229.803852189809,5212.335757443739,-0.3152701157249721,5165.575,5208.12,4817.3316577148435
2025-10-16,5321.5,5370.5,5301.0,5349.5,20410.0,55.80710839709147,32.33505337762853,132.84200055133618,5238.536818647923,5216.61670813222,-0.19026581927442512,5171.525,5214.37,4820.256640625
2025-10-17,5354.0,5399.5,5249.0,5325.0,18097.0,57.482029376401016,27.596490646629675,134.10328622624075,5249.533312110025,5222.004288205467,-0.22222463975088622,5179.6,5219.64,4820.954470214844
2025-10-20,5324.5,5397.5,5300.5,5354.0,15702.0,55.42851163706214,21.055682567381844,131.453051495795,5256.672996670975,5226.023727883684,-0.2473204018055232,5190.45,5225.1,4821.914169921875
2025-10-21,5351.5,5400.0,5300.0,5356.0,1481.0,56.944586215324904,17.285849832834174,129.20640496038106,5265.704139845168,5230.944366005892,-0.4107129873280067,5204.7,5231.73,4822.882778320312
2025-10-23,5297.5,5446.0,5279.0,5351.5,22342.0,53.05749401804345,10.241802905361688,131.905947463211,5268.732317002771,5233.554390868407,-0.1625969815600986,5218.275,5237.82,4823.500241699218
2025-10-24,5341.0,5357.0,5254.5,5255.0,12145.0,55.68191537405619,7.713681615204543,129.80552264441022,5275.614953478698,5237.767944167685,-0.28804922422055634,5235.075,5243.43,4824.824992675782
2025-10-27,5309.0,5343.0,5270.0,5341.0,11064.0,53.32032023276893,3.3127686630995257,125.74798531266663,5278.794481718823,5240.561358121893,-0.3046831747379211,5251.675,5247.57,4826.449645996094
2025-10-28,5290.5,5324.5,5226.0,5300.0,8958.0,51.948581482253864,-1.1772826999470425,123.80170064747615,5279.909292983697,5242.51973623476,-0.3213147187866994,5269.65,5251.24,4826.917194824218
2025-10-29,5269.5,5303.5,5244.0,5300.0,6345.0,50.36464880753636,-5.644689274295743,119.20872202979929,5278.917931747154,5243.577785794181,-0.3468820424788229,5287.85,5250.07,4827.114294433593
2025-10-30,5318.0,5346.0,5179.5,5269.5,17752.0,53.86342006041731,-5.41552067513814,122.5866704562422,5282.640033485521,5246.496303998331,-0.20875140420791027,5301.95,5241.1,4827.805590820312
2025-10-31,5209.0,5322.0,5200.0,5322.0,11482.0,46.013284936168354,-12.29358212587374,122.54476542365349,5275.626696963091,5245.025860704279,-0.47422607755821966,5304.85,5231.31,4828.319226074219
2025-11-03,5181.5,5225.0,5110.0,5212.5,14894.0,44.2606484115847,-18.036599173709966,122.00585360767823,5266.662249633273,5242.534650480581,-0.07255970197959816,5302.8,5221.83,4829.4919946289065
2025-11-04,5115.0,5197.5,5105.0,5165.0,7146.0,40.26648378688674,-25.21491376668353,119.89829263570121,5252.218225858675,5237.533291638206,-0.8066190931016465,5297.375,5210.52,4830.3478125
2025-11-06,5067.5,5129.0,5055.5,5100.0,9536.0,37.652748956091,-31.64654044058602,116.58412887600828,5234.626013872135,5230.8653194171,-0.5519510524556471,5289.6,5198.5,4831.577150878907
2025-11-07,5075.0,5129.5,5015.5,5129.5,9082.0,38.333393248532396,-33.690900717487054,116.39954824200768,5219.423536360503,5224.752953949763,-0.5923402999445952,5283.95,5190.67,4832.852734375
2025-11-10,5140.0,5152.5,5060.5,5075.0,11870.0,44.03570207095787,-29.131934621141262,114.65672336757856,5211.859390040455,5221.429308696831,-0.2761336567162539,5277.625,5188.49,4834.461333007813
2025-11-11,4997.0,5144.5,4982.5,5138.0,18686.0,36.12199793135344,-33.880796520127504,118.0383859841801,5191.396590988983,5212.628159336171,0.38305642872715057,5260.825,5185.07,4835.472277832031
2025-11-12,5015.5,5115.5,4988.5,5032.0,23309.0,37.682292959174184,-33.830907600923695,118.67850127102437,5174.644534704318,5204.897643283773,1.6927833362044398,5235.125,5182.26,4836.524460449219
2025-11-13,5043.5,5339.0,5026.0,5164.0,168376.0,40.06835950888667,-30.092494607734302,133.30860832309406,5162.154579018193,5198.568323939311,4.192658693337954,5217.8,5180.43,4838.455209960937
2025-11-14,5074.0,5084.0,5028.0,5050.0,10078.0,42.644517625624,-24.010028928253774,127.7865648714445,5153.758904825984,5193.683291627965,-0.3088335729954687,5204.75,5179.76,4840.576604003906
2025-11-17,5061.5,5089.0,5048.0,5074.5,6836.0,41.85053280807412,-19.46664517007241,121.58752452348418,5144.972342461605,5188.499633132751,-0.38020041324631215,5191.75,5177.51,4842.979028320313
2025-11-18,5010.0,5084.0,5000.5,5055.0,6361.0,38.657083840433444,-18.57062029422677,118.86698705752102,5132.117833655738,5181.499647519702,-0.37559648633704157,5174.55,5174.61,4845.7191796875
2025-11-19,5002.0,5050.0,4987.5,5035.0,7960.0,38.16983954348455,-17.189265833179007,114.84077369626951,5119.725659021858,5174.460445656185,-0.3187658594374343,5158.425,5172.29,4849.236372070312
2025-11-20,5028.5,5060.0,4990.5,5002.0,6621.0,40.830304717706746,-13.335241858378161,111.60214700367884,5111.037501019776,5168.736506610844,-0.36489143406422037,5142.275,5169.99,4852.578488769531
2025-11-21,5000.5,5040.0,4948.0,5038.0,16577.0,38.92450547829404,-11.581099805581488,110.20199364627321,5100.510119970274,5162.138996547674,-0.07559639893912914,5127.425,5166.94,4855.622446289062
2025-11-24,4968.5,5015.0,4950.0,5000.5,5537.0,36.809870331935414,-11.463953071212899,106.97327981439655,5087.937727592152,5154.54531040855,-0.3769685093718191,5108.8,5163.5,4858.413837890625
2025-11-25,5000.0,5016.0,4964.5,4967.0,218067.0,40.250904136151235,-8.300433993565797,103.01090268479679,5079.562705916709,5148.484710000372,3.32071910646432,5093.35,5160.15,4861.242956542968
2025-11-26,4985.0,5060.0,4965.0,5001.0,21338.0,39.15740367765952,-6.341947646154416,102.43869535016844,5070.556733924642,5142.073544902318,-0.15090900048572226,5078.075,5155.31,4864.282299804688
2025-11-27,4989.5,5116.5,4975.0,4994.5,25394.0,39.68677670137272,-3.9825205332944478,105.22878853944212,5062.837044979437,5136.090268631639,-0.09659854939070897,5064.075,5151.85,4867.724846191406
2025-11-28,4975.0,5050.5,4953.5,4990.0,62474.0,38.52366392757711,-2.698935226847908,104.64101792948198,5054.471612124253,5129.773003195105,0.5177580128208792,5046.925,5148.54,4871.332009277344
2025-12-01,4966.5,5000.10009765625,4952.10009765625,4976.0,6902.0,37.823858297049135,-1.7678969827033342,100.59523093451898,5046.093363350515,5123.370140324709,-0.45630544808536916,5034.8,5143.82,4874.7122729492185
2025-12-02,4994.60009765625,5035.60009765625,4949.0,4966.5,20972.0,41.60071872540199,1.2331271522871887,99.59557855749976,5041.189242808204,5118.320334729867,-0.21456395165388442,5025.455004882812,5139.862001953125,4878.510244140625
2025-12-03,4972.5,5000.0,4903.60009765625,4950.0,20331.0,39.56512654738713,2.16778996300787,99.36731597080335,5034.647410159803,5112.601890230657,-0.23847718366337614,5018.330004882812,5137.162001953125,4882.731232910156
2025-12-04,5001.0,5030.0,4959.10009765625,4972.5,28762.0,43.41068757045893,4.982540148293822,97.33392928315668,5031.4428949064895,5108.225345515729,-0.10688560487285127,5015.0050048828125,5135.852001953125,4887.760162353516
2025-12-05,5000.0,5011.0,4962.5,5004.5,15873.0,43.30656003211849,6.9341615212628795,93.84579147721692,5028.448333486824,5103.981214319034,-0.3428391461013307,5011.2550048828125,5135.332001953125,4892.73841796875
2025-12-08,4965.39990234375,4996.7001953125,4931.0,4961.0,16142.0,39.75347168321687,6.0823991657711005,92.07109208598715,5022.443720997007,5098.546653065101,-0.3423709497755855,5002.525,5134.54,4897.308011474609
2025-12-09,4979.60009765625,5008.10009765625,4951.7001953125,4965.39990234375,18595.0,41.86169382407236,6.61863866283629,89.52314996154163,5018.363375916936,5093.882082264755,-0.2985129007876361,5001.655004882812,5134.592001953125,4901.903902587891
2025-12-10,5025.2001953125,5127.0,4961.0,4961.0,80457.0,48.13781464362014,9.985523465844238,94.98578210714581,5019.014501573657,5091.188674933294,0.7435931566408356,5002.1400146484375,5136.476005859375,4906.8529125976565
2025-12-11,5007.7001953125,5057.0,4997.0,5057.0,5172.0,46.08184934670432,10.900444396087437,92.4867976709211,5017.936948596404,5087.91461690895,-0.5151278701970937,5000.350024414062,5138.520009765625,4911.848287353516
2025-12-12,5000.2001953125,5036.0,4971.0,5006.0,15778.0,45.19103018684758,10.843892526782206,90.52345498014104,5016.247733997938,5084.474835669874,-0.3018541254789495,4996.6600341796875,5137.804013671875,4916.778466796875
2025-12-15,5016.89990234375,5040.0,4982.5,4982.5,7844.0,47.61911981383137,11.701058212954607,88.16463676727382,5016.309845268967,5081.824838284536,-0.4679791263812293,4994.430029296875,5135.12201171875,4921.892241210938
2025-12-16,5021.2001953125,5038.0,4985.0,5015.0,9402.0,48.25482652581326,12.26801960285917,85.65287699818283,5016.7755928921615,5079.44740130524,-0.4394405393037821,4994.9900390625,5131.096015625,4927.100157470703
2025-12-17,5058.5,5078.0,4995.2001953125,5021.2001953125,12863.0,53.52360169964143,14.701355955908781,85.44908611884834,5020.749345950051,5078.625934587388,-0.37333579661487837,4997.8150390625,5127.796015625,4932.020091552735
2025-12-18,5100.7001953125,5108.0,5022.60009765625,5060.0,14743.0,58.65310493696235,18.45616458312118,85.4455729920556,5028.363712555999,5079.491591870726,-0.34388155621898586,5001.425048828125,5125.35001953125,4937.4794958496095
2025-12-19,5097.60009765625,5166.2998046875,4916.0,5065.0,19033.0,58.14540878862133,19.909388957936848,97.22087525601592,5034.957653994118,5080.2017293525105,-0.25679415254841137,5006.280053710938,5123.542021484375,4943.28806640625
2025-12-22,5093.10009765625,5130.0,5050.10009765625,5090.0,17392.0,57.36913841583984,19.709128467538296,95.98366290513978,5040.495029580989,5080.707547717363,-0.3053044588984085,5012.51005859375,5120.0740234375,4949.070979003906
2025-12-23,5067.7998046875,5100.0,5010.0,5100.0,10888.0,53.078572876949906,17.110646488256556,95.55625841191552,5043.095484353037,5080.201361716192,-0.579433273432021,5015.900048828125,5114.77001953125,4955.261394042969
2025-12-24,5036.2998046875,5122.0,5030.0,5036.0,11501.0,48.241053849379874,12.710573016592146,95.30223995392156,5042.448276765843,5078.479732028793,-0.5153743904891162,5018.4650390625,5104.906015625,4961.074196777344
2025-12-26,5052.2998046875,5070.0,5001.0,5045.0,9403.0,50.69889717354333,10.414325086641426,93.42350852864145,5043.386517520286,5077.453068211487,-0.581028396070558,5021.605029296875,5098.15201171875,4966.547668457031
2025-12-29,4959.2001953125,5062.0,4922.7998046875,5030.0,14542.0,39.072347853377536,2.5708688120143393,96.69327187034563,5035.368772548116,5072.815700646821,-0.208472534803073,5020.8150390625,5090.636015625,4971.367598876953
2025-12-30,4926.60009765625,5005.60009765625,4855.2001953125,4940.0,66304.0,35.96237619542296,-4.483225277213613,100.52945976130309,5025.009851129843,5067.0817554315045,2.4089620160091427,5018.820043945312,5082.738017578125,4975.892121582031
2025-12-31,4987.7001953125,5011.39990234375,4920.0,4920.0,12436.0,44.82631238272505,-4.682829431254248,99.87734851719215,5021.456550575811,5063.968753073897,-0.41814352718237296,5018.475048828125,5075.412021484375,4980.673796386719
2026-01-01,4915.7998046875,4973.2998046875,4900.5,4940.0,13941.0,38.13660043570994,-9.052815841074857,98.97183757399985,5011.394003348352,5058.158206078351,-0.3211033048726017,5015.6400390625,5067.238017578125,4985.370017089844
2026-01-02,4887.2001953125,4941.10009765625,4865.0,4917.5,15609.0,35.84511095204451,-13.023647247073367,97.33814186558915,4999.566021630651,5051.453970362043,-0.19987452876842682,5009.950048828125,5057.952021484375,4990.002927246093
2026-01-05,4870.5,4909.2001953125,4851.0,4896.0,8801.0,34.54000890939125,-15.747062153046176,94.54257425465421,4987.27401957059,5044.3577362301985,-0.5367245636865422,5003.475048828125,5049.412021484375,4994.601898193359
2026-01-06,4907.2001953125,4930.0,4831.7001953125,4852.0,12730.0,39.733088564856324,-14.102075737087318,94.81094785700034,4979.647941069819,5038.979009135387,-0.3211579729804809,5000.5650634765625,5040.736025390625,4999.2466174316405
2026-01-07,4928.2998046875,5002.2001953125,4909.0,4928.89990234375,15687.0,42.55468179567276,-10.768744374231982,94.82445158150031,4974.7576423667415,5034.638648176647,-0.15881902998844044,4998.000048828125,5033.122021484375,5003.996834716797
2026-01-08,4806.0,4922.7001953125,4791.0,4916.0,9401.0,32.93073994065347,-15.678801297016214,97.858405374786,4958.685485950861,5025.672426679523,-0.4607717968268378,4987.0400390625,5023.432021484375,5008.259700927734
2026-01-09,4871.7998046875,4884.0,4791.89990234375,4813.0,16466.0,40.70101554723109,-13.458448203914855,97.44709768060486,4950.410659163874,5019.638206209248,0.05914227311206374,4980.24501953125,5015.478017578125,5012.622220458984
2026-01-12,4823.7998046875,4852.10009765625,4782.0,4852.0,9450.0,37.305633530835244,-14.117049982194587,96.90086246681165,4938.352482547076,5011.95826889467,-0.48214379008227176,4971.425,5005.594013671875,5016.736236572266
2026-01-13,4857.2998046875,4883.7998046875,4774.10009765625,4861.0,12023.0,41.00467539547643,-11.31228469209303,97.81506564998583,4930.633179893783,5005.893231082625,-0.2936421118580381,4963.444995117187,4998.560009765625,5021.111774902343
2026-01-14,4819.60009765625,4857.2998046875,4808.0,4857.2998046875,9798.0,38.268287809267676,-11.001794433443663,94.34968986695112,4920.058600633066,4998.587618007081,-0.4767487460082616,4953.364990234375,4991.32201171875,5025.326025390625
2026-01-15,4819.60009765625,4819.60009765625,4819.60009765625,4819.60009765625,0.0,38.268287809267676,-9.839961310499035,87.61042630502605,4910.4911241590835,4991.56849956195,-1.17638558864539,4941.419995117188,4985.414013671875,5029.938956298828
2026-01-16,4760.89990234375,4838.2001953125,4742.5,4824.39990234375,10190.0,34.152629446798414,-11.929110253847213,88.18826694841705,4896.2443411290515,4982.52267222006,-0.35849801747376253,4924.42998046875,4979.28201171875,5034.438411865234
2026-01-19,4694.5,4750.5,4670.0,4750.5,5660.0,30.196508233685833,-16.410583594128482,88.38195519094084,4877.030594354856,4971.227665466332,-0.6542316480691545,4904.274975585938,4971.67201171875,5038.453052978515
2026-01-20,4659.39990234375,4698.89990234375,4620.0,4670.0,11483.0,28.32843622704361,-20.121709828965194,87.70466570185579,4856.303861782369,4958.999125736034,-0.18073905246146874,4882.5899658203125,4962.060009765625,5042.138891601562
2026-01-21,4610.2998046875,4659.5,4575.0,4659.5,21363.0,25.91341856786272,-24.003039899180912,87.4757610088661,4832.87490396381,4945.32464255766,0.5405528068195797,4859.7149658203125,4954.326005859375,5045.5243237304685
2026-01-22,4723.2998046875,4792.0,4631.10009765625,4652.7998046875,15679.0,38.836616165144335,-17.38802737985874,94.20607774483994,4822.4391802232085,4936.6177861705955,0.08711827668999136,4844.064965820313,4948.482001953125,5049.365185546875
2026-01-23,4591.0,4723.2998046875,4569.0,4723.2998046875,7285.0,31.834967918372996,-20.15571019886349,98.49848681217281,4800.397353535284,4923.064147497239,-0.5492327909770363,4820.999975585937,4939.432001953125,5052.800130615235
2026-01-27,4607.7998046875,4635.0,4544.5,4569.2998046875,11424.0,33.475077980340245,-19.098070489104217,97.92716632558904,4782.054729835495,4910.700839936073,-0.21936517468520647,4803.429956054688,4930.107998046875,5056.822225341797
2026-01-28,4698.7001953125,4762.7001953125,4600.7998046875,4635.0,9707.0,41.65519873248267,-10.925781300541544,102.49668234697553,4774.116202738067,4902.387089166521,-0.38606114133952263,4792.0349609375,4922.852001953125,5060.764575195312
2026-01-29,4599.2001953125,4710.0,4581.0,4698.7998046875,11932.0,36.38168411823607,-10.848578609677503,104.38977646504871,4757.457535364203,4890.497407054599,0.1105523035310619,4772.6099609375,4914.636005859375,5064.155003662109
2026-01-30,4563.60009765625,4620.0,4541.0,4599.89990234375,12353.0,34.68952169472938,-11.746597809462685,102.57622100325952,4738.9949222491605,4877.677904725251,0.22267067456693848,4754.999975585937,4905.8680078125,5067.147076416016
2026-02-02,4551.0,4590.0,4460.0,4550.0,8903.0,34.08524878961347,-11.714212406453811,104.53506236016956,4721.090643939717,4864.867006500731,-0.4792798298855047,4738.189965820313,4896.3180078125,5069.504487304687
2026-02-03,4667.60009765625,4710.10009765625,4560.60009765625,4700.0,10154.0,43.835319948622775,-2.8284114304412213,108.43256488131817,4715.9963061984345,4857.131049291143,-0.21218806554254063,4728.044970703125,4889.660009765625,5072.425949707032
2026-02-04,4743.5,4779.5,4629.10009765625,4700.0,10163.0,49.11207458580521,8.549785677328572,111.43023184292045,4718.615705608107,4852.674929711099,-0.18140808916719037,4719.8599609375,4885.160009765625,5075.909608154297
2026-02-05,4697.2998046875,4770.2001953125,4680.0,4745.5,7247.0,46.262871075952226,13.082074825445645,109.91380066217614,4716.585619806146,4846.581787553311,-0.7648481525222331,4708.3099609375,4879.106005859375,5079.030102539063
2026-02-06,4590.2998046875,4718.39990234375,4575.10009765625,4718.0,9723.0,40.41494549031628,9.175973214845854,112.29851523541356,4704.558399318656,4836.531513715436,-0.19263895060882166,4697.524951171875,4871.212001953125,5081.308994140625
2026-02-09,4764.10009765625,4812.7998046875,4600.0,4619.7998046875,14435.0,51.20443743763815,18.084720853949804,120.17004986145545,4710.229037255569,4833.69106602684,0.9562687632226122,4692.139965820313,4866.70400390625,5084.510334472656
2026-02-10,4960.7998046875,5257.0,4899.0,4930.89990234375,944762.0,60.02655972602125,35.97872483690439,146.79361075304791,4734.092919868134,4838.675722444906,4.2476862263194946,4698.989965820312,4866.42,5088.537741699219
2026-02-11,5197.7998046875,5225.0,4936.7998046875,4950.0,141057.0,67.62227094447681,61.05634792239839,156.89408107872305,4778.255480327121,4852.759019787753,0.3694594520312244,4716.014965820313,4871.04599609375,5093.881342773438
2026-02-12,5121.39990234375,5243.89990234375,5100.2001953125,5130.0,37018.0,63.43749614295505,69.18230447497993,155.95162578961782,4810.935901471562,4863.293956358577,-0.1338915259453322,4731.104956054687,4873.5819921875,5098.720498046875
2026-02-13,5037.39990234375,5110.7998046875,4987.7998046875,5110.7998046875,21465.0,59.106491147242345,65.6146078398466,154.35508806580583,4832.503901554627,4870.121640514858,-0.2136730078580102,4741.994946289063,4874.879990234375,5103.167348632813
2026-02-16,5017.2001953125,5080.0,4995.10009765625,5037.5,10239.0,58.07961782916733,58.82661716772391,149.39400337137326,4850.094024769663,4875.88942697751,-0.26742562458918673,4754.8099609375,4875.203994140625,5107.394643554688
2026-02-17,5052.7998046875,5090.39990234375,4979.2998046875,5000.0,12755.0,59.417760876830876,53.802950524078696,146.6587243917216,4869.39933714279,4882.82708884849,-0.25720511571044585,4772.724951171875,4876.259990234375,5111.639587402344
2026-02-18,5149.7998046875,5190.0,5027.60009765625,5027.60009765625,29078.0,62.89343643656278,53.94427858723965,147.7830942454379,4896.104143575619,4893.296607116687,-0.18342205415001758,4797.244946289063,4879.94798828125,5116.688767089844
2026-02-19,4991.0,5134.39990234375,4970.0,5125.0,14447.0,54.642607997652085,40.8680207565688,150.07000213415662,4905.141844187464,4897.1281127199545,-0.2518045114114638,4816.279956054687,4880.175986328125,5121.02412109375
2026-02-20,4931.7001953125,5003.89990234375,4913.10009765625,4963.0,10109.0,51.90429246589914,26.44942626161378,145.83641660225257,4907.671210961276,4898.48388066476,-0.2711600925899407,4826.699975585938,4878.305986328125,5124.907487792969
2026-02-23,5071.5,5093.7998046875,4931.7001953125,4931.7001953125,16446.0,57.332841629566786,24.59111604459413,146.99807322887742,4923.273952774488,4905.2688265210445,-0.24314524737427415,4850.7249755859375,4879.581982421875,5129.5510766601565
2026-02-24,5084.5,5133.0,5003.7001953125,5093.0,14033.0,57.809724029604276,22.554648936700836,145.7339111902076,4938.628814415013,4912.297499990807,-0.2553809814088545,4874.559985351562,4881.267978515625,5134.3233203125
2026-02-25,5146.2001953125,5159.7998046875,5070.60009765625,5110.0,10993.0,60.08970082963854,23.56979759702311,141.69575375028208,4958.397517357631,4921.4701547093055,-0.27028770059711654,4896.934985351562,4883.853984375,5139.406494140625
2026-02-26,5091.2001953125,5170.7998046875,5064.10009765625,5160.0,6740.0,57.12614045602912,18.94316996270043,139.19603612749407,4971.045391448571,4928.12623473296,-0.2893294959852071,4921.534985351563,4885.253984375,5143.852185058594
2026-02-27,5062.2001953125,5135.0,5020.0,5091.0,11035.0,55.56991170056288,12.639005655100604,137.46774783267307,4979.726801340374,4933.384037108629,-0.26840435958324477,4946.464990234375,4885.32798828125,5147.759299316406
2026-03-02,4911.5,5008.0,4900.0,4912.0,11139.0,48.218764320420284,-2.181560431374436,139.23435122408927,4973.229010736529,4932.525839574958,-0.2684831637959027,4964.489990234375,4881.543984375,5150.649553222656
2026-03-04,4866.5,4899.0,4802.0,4856.0,10760.0,46.25123097665361,-14.812611851229462,137.11046899379718,4963.064343047336,4929.936590964176,-0.270456275531673,4974.434985351562,4876.921982421875,5153.5383203125
2026-03-05,4806.0,4902.0,4767.0,4890.0,17333.0,43.671178830293634,-26.364590159224008,136.95972120852596,4948.105834185684,4925.076332494992,-0.24077941734792976,4977.559985351562,4871.17998046875,5155.8583154296875
2026-03-06,4849.5,4884.0,4806.5,4806.5,8664.0,46.00350519628616,-29.93752528316363,132.7483125507741,4938.714802358477,4922.112554750091,-0.28272174179061116,4985.169995117188,4866.813984375,5156.05474609375
2026-03-09,4769.5,4836.5,4691.0,4790.0,11769.0,42.51687854763526,-36.13529936152074,134.58771879714737,4922.599106895765,4916.12774868146,-0.26835815691179277,4994.1300048828125,4861.47798828125,5155.709780273438
2026-03-10,4803.5,4853.5,4750.0,4803.5,16656.0,44.44404296495856,-36.29580075452448,132.367167454494,4911.256334810454,4911.710974223363,-0.2454832023550602,4996.1,4856.5019921875,5154.754943847656
2026-03-11,4704.5,4825.0,4683.0,4792.0,17193.0,40.216186168117076,-41.068866657463936,133.05522692203013,4891.565255304697,4903.585053665585,-0.14641233933844813,4983.285009765625,4851.40798828125,5153.264291992187
2026-03-12,4695.0,4753.0,4627.5,4685.0,34741.0,39.82468581126036,-42.677501467085435,132.51556785617083,4872.844754799487,4895.405247639484,2.2157594276967054,4958.14501953125,4846.775986328125,5151.5570458984375
2026-03-13,4623.0,4690.5,4590.5,4686.0,15862.0,36.89330390140159,-46.10973820776033,130.51445586644437,4849.050016247155,4884.722688908523,0.11584072010321209,4933.225024414062,4839.481982421875,5148.347937011718
2026-03-16,4749.5,4950.0,4600.0,4600.0,119447.0,44.60785937650614,-37.73215010010811,146.1919947331269,4839.569062318855,4879.419838363091,4.087156906540085,4918.830029296875,4836.155986328125,5145.3174975585935
2026-03-17,4725.5,4762.5,4705.5,4749.5,13516.0,43.52083793445352,-31.910118785815012,139.821137966475,4828.705342098012,4873.383766270421,-0.27263925801787914,4904.24501953125,4832.921982421875,5141.80603515625
2026-03-18,4818.0,4850.0,4710.0,4738.0,12221.0,48.70866949760836,-20.48757401195615,139.8339138260125,4827.685785707726,4871.21185386766,-0.3247565524541866,4892.505029296875,4831.871982421875,5138.621020507812
2026-03-19,4724.5,4784.0,4705.0,4784.0,7133.0,44.28105182647834,-17.976914718227036,137.91720569558302,4817.8585680212755,4865.458447833634,-0.48767035658959323,4871.2400390625,4828.217978515625,5134.918942871093
2026-03-20,4773.5,4808.0,4704.5,4729.0,6676.0,47.00004727194787,-12.048675381359601,135.45883386018423,4813.633942495439,4861.852234193099,-0.4877126825298383,4860.3650390625,4825.121982421875,5131.1217358398435
2026-03-23,4560.0,4770.0,4522.0,4770.0,14382.0,38.243224564214074,-21.01380656871647,143.7474885844568,4789.478328924446,4850.014891675723,-0.18230355430417694,4841.780029296875,4820.201982421875,5125.980065917969
2026-03-24,4659.5,4707.0,4574.5,4626.0,17917.0,43.52427107085982,-18.821023386351186,143.97981082842415,4777.099440455451,4842.543719453147,-0.04066450360643577,4821.180029296875,4815.955986328125,5121.1099536132815
2026-03-25,4709.5,4767.0,4673.5,4674.0,10486.0,46.022211486255536,-12.865702399162657,141.37411005496529,4770.661398507313,4837.326318690279,-0.3368697225204684,4802.430029296875,4813.669990234375,5116.929580078125
2026-03-27,4692.0,4766.0,4645.0,4707.0,23978.0,45.267536735312426,-9.142652144692633,139.91881647961063,4763.169836744712,4831.6272473690915,0.18805301921903478,4779.72001953125,4810.363994140625,5113.1378881835935
