Price,Close,High,Low,Open,Volume
Ticker,NESTLEIND.NS,NESTLEIND.NS,NESTLEIND.NS,NESTLEIND.NS,NESTLEIND.NS
Date,,,,,
2023-10-11,1127.0511474609375,1130.5412067880347,1113.83614556019,1115.6844100140556,1346760
2023-10-12,1120.8868408203125,1131.80909363206,1115.3930421742446,1128.068804036845,1084440
2023-10-13,1144.1641845703125,1146.37439320595,1115.0698837396585,1120.881865540126,1815820
2023-10-16,1122.5091552734375,1143.9528153050596,1116.024279775151,1143.9528153050596,1732160
2023-10-17,1133.0380859375,1134.8304933644772,1123.5512768782808,1123.5512768782808,763320
2023-10-18,1130.00927734375,1138.956964196409,1126.951487872598,1133.0380116481153,713420
2023-10-19,1172.2408447265625,1176.838439216458,1122.1181940668348,1129.7153489527507,5848240
2023-10-20,1179.3985595703125,1202.000754075052,1165.8994090716662,1170.6671845530686,4158680
2023-10-23,1175.4176025390625,1198.597932440807,1172.0464917462384,1180.3844941954708,1584600
2023-10-25,1178.5726318359375,1191.5422648401845,1173.2487767402774,1179.4129783833812,2227000
2023-10-26,1143.7391357421875,1178.470612608574,1137.6866483987349,1178.441438851099,2538800
2023-10-27,1168.5782470703125,1176.8870757141585,1138.6265219940974,1143.9771789943693,2608740
2023-10-30,1174.15234375,1177.9558432470824,1159.256648101723,1170.6695184434923,1452280
2023-10-31,1177.2174072265625,1181.841803879163,1171.7405675535256,1180.38453901618,1032780
2023-11-01,1166.3660888671875,1182.3596020192736,1161.8369671775893,1182.3572163876224,1273800
2023-11-02,1178.0478515625,1179.9044692703121,1161.4997994441262,1172.1067941790757,2141360
2023-11-03,1172.5391845703125,1182.3571316451223,1171.4545572178815,1179.5673741922842,954280
2023-11-06,1186.732421875,1191.6645958535014,1175.453632963269,1179.916672494566,1485520
2023-11-07,1190.6385498046875,1196.0373533811266,1178.4509544041734,1186.607786665229,1059300
2023-11-08,1186.341552734375,1192.7492399252749,1183.336730454996,1190.616604558159,726100
2023-11-09,1183.664306640625,1192.8617525742757,1181.9836289692705,1189.6859993931441,844460
2023-11-10,1179.2889404296875,1184.7756546835287,1175.3045777134594,1183.664188893336,566340
2023-11-13,1176.7801513671875,1187.14536361591,1174.1491573562312,1187.14536361591,570560
2023-11-15,1181.0894775390625,1184.7513031677324,1172.9766592613216,1184.555919918123,1533940
2023-11-16,1176.6361083984375,1185.8995169958384,1174.8332863852888,1182.1154277047754,1388360
2023-11-17,1190.81201171875,1196.2767781303332,1175.741857329135,1177.4714402725137,1401020
2023-11-20,1187.3675537109375,1192.3143996431675,1180.696134609143,1190.9097396871023,1082300
2023-11-21,1190.83154296875,1193.098608663099,1181.392195198451,1187.4872453326109,906580
2023-11-22,1189.7274169921875,1197.991722367554,1185.288710629562,1190.6654473811934,736420
2023-11-23,1191.8016357421875,1201.4070251975213,1189.74223890701,1192.8154100660897,736280
2023-11-24,1179.3746337890625,1195.688181815368,1177.8648865776493,1194.5718253208101,808240
2023-11-28,1183.2659912109375,1185.2886489523776,1166.8765829234094,1179.3280291494937,1753940
2023-11-29,1175.8836669921875,1188.953112548245,1173.125638004279,1183.3833778556836,1254300
2023-11-30,1184.12353515625,1189.2071974227672,1170.892820718978,1176.4944036678487,2944060
2023-12-01,1189.1290283203125,1190.4188201562208,1180.2270432362616,1189.1949910397482,1273000
2023-12-04,1192.265625,1198.7246036596682,1179.3598344025474,1191.5913261881456,1987840
2023-12-05,1202.335205078125,1205.5085725982208,1192.2656914970305,1194.620668002415,1343740
2023-12-06,1219.9044189453125,1226.1776758556473,1206.8837608399876,1208.193114755122,1592160
2023-12-07,1220.2342529296875,1229.7517313708688,1212.321827626801,1219.9045586019345,1201700
2023-12-08,1211.163818359375,1230.0278443497984,1209.5393223527255,1221.1992172896505,1401520
2023-12-11,1223.5662841796875,1227.3063582755635,1203.8057389733376,1215.5805013493639,1078740
2023-12-12,1218.8612060546875,1233.2057693045308,1211.7817254925508,1223.5661483689353,1282460
2023-12-13,1223.6126708984375,1225.3520349504288,1212.8933121070334,1219.4109771162819,891440
2023-12-14,1211.344482421875,1228.4788036813559,1209.2337949353698,1228.4788036813559,2094520
2023-12-15,1190.4871826171875,1219.1056992273902,1183.3344619701043,1214.1172237803517,3190820
2023-12-18,1189.8934326171875,1200.9523849262732,1187.193971379746,1194.571536557412,1326480
2023-12-19,1245.369140625,1255.8882265268571,1197.5472412131942,1200.4249096607239,7057320
2023-12-20,1226.21923828125,1259.4767337225496,1224.1403987978974,1255.350664376173,2889760
2023-12-21,1227.1036376953125,1233.5602309124483,1216.9339278446491,1226.219283982666,2212760
2023-12-22,1239.445068359375,1241.4727360538664,1226.3292229165145,1233.1693062315867,1776560
2023-12-26,1248.90380859375,1250.7579213265515,1239.276354470624,1245.1881876707723,1235700
2023-12-27,1256.6429443359375,1258.9636868450707,1249.8053660643993,1250.758068080253,1428320
2023-12-28,1282.5107421875,1288.5739445803042,1259.317988087646,1263.9424159676134,3155440
2023-12-29,1298.6533203125,1302.0586902655582,1277.4172619968735,1282.5155954773322,2068160
2024-01-01,1337.3533935546875,1340.912636429254,1301.569995009693,1302.0585723351471,2632200
2024-01-02,1330.0615234375,1353.017384497474,1320.3339905834127,1343.5878170523886,2831540
2024-01-03,1301.33544921875,1339.5470616352748,1298.296512657461,1336.0146572185063,2026920
2024-01-04,1324.8458251953125,1326.4898831972753,1302.158826733488,1311.8814682295333,2647800
2024-01-05,1302.7425537109375,1345.5419758177713,1291.041150435504,1345.5419758177713,5154128
2024-01-08,1279.7305908203125,1313.7844059734246,1275.6753752311683,1310.852942070174,2064756
2024-01-09,1266.685791015625,1289.9909086989016,1263.9252571888367,1289.8443116253536,1626054
2024-01-10,1259.6014404296875,1281.2453237862169,1255.8637517573288,1265.4154637667903,2052936
2024-01-11,1249.3900146484375,1265.390923361495,1245.9211869238698,1260.529602433234,1551334
2024-01-12,1245.6768798828125,1250.7335839700297,1236.1007159517396,1249.3899962352996,2214110
2024-01-15,1244.6751708984375,1258.6484106307073,1236.418142651505,1252.7122439269117,1787668
2024-01-16,1241.988037109375,1249.2433389582648,1236.7602834861725,1249.2433389582648,1386740
2024-01-17,1242.501220703125,1249.3656376763097,1233.8533053879812,1241.9881905821535,1603238
2024-01-18,1222.420654296875,1245.8723694872226,1219.5624287954147,1238.543708490239,1269820
2024-01-19,1228.3568115234375,1232.1432863396099,1221.2968920128278,1226.3292630441879,1882782
2024-01-23,1203.317138671875,1220.5639434285015,1195.0602289563144,1211.6718592852249,1381076
2024-01-24,1228.259033203125,1230.9217559650683,1199.4574216197334,1210.6457954774028,1318076
2024-01-25,1212.722412109375,1235.1237348387697,1205.6624921490727,1233.6824552861597,1571546
2024-01-29,1220.7349853515625,1223.8862854638057,1210.0107361675873,1212.7222450873614,1265438
2024-01-30,1217.5594482421875,1236.6627548131055,1215.5806857294344,1227.3065444342199,1336068
2024-01-31,1224.3748779296875,1227.184197781282,1212.50242409185,1225.8406100261716,1432188
2024-02-01,1205.7113037109375,1226.7689175953167,1203.219511315889,1226.3292456581146,1641132
2024-02-02,1212.3558349609375,1219.4891122564818,1203.3905118143807,1205.8089459330918,1508122
2024-02-05,1203.219482421875,1223.8863293242666,1200.2880181600206,1223.8863293242666,1065954
2024-02-06,1200.2635498046875,1210.670271655069,1194.9381041776355,1203.0485362424513,1540366
2024-02-07,1221.248046875,1227.0865226146145,1195.4022323248964,1206.7861089498497,3094808
2024-02-08,1183.847412109375,1228.2102608572036,1177.0317817009716,1223.373273358452,3308894
2024-02-09,1197.0633544921875,1204.7827808199659,1182.3815819853173,1193.5211688776608,1677638
2024-02-12,1201.436279296875,1205.7845704441318,1191.7868756471114,1201.7782596205482,890538
2024-02-13,1200.605712890625,1210.0108277723782,1194.547281605632,1208.7404788289596,621970
2024-02-14,1215.0919189453125,1220.148742436428,1189.7103484352406,1197.0145562589528,1018616
2024-02-15,1202.1326904296875,1222.4413616729028,1194.513843590596,1222.4413616729028,1680952
2024-02-16,1218.8399658203125,1220.2363893792126,1199.7072644840996,1203.8473720562333,1493232
2024-02-19,1231.3829345703125,1237.38490053012,1215.7777752275076,1222.4412301812115,955040
2024-02-20,1244.1953125,1245.3712797048568,1223.470251172212,1234.2002491591984,1262888
2024-02-21,1246.2532958984375,1249.8789258446395,1233.7838083328852,1244.195383077769,1786364
2024-02-22,1255.8316650390625,1257.2035668458198,1237.1398767290536,1254.2883502678724,1504742
2024-02-23,1263.5975341796875,1265.5573597464647,1250.3441898607039,1256.7381446959669,1211238
2024-02-26,1265.9984130859375,1268.0072823620274,1257.595707883591,1268.0072823620274,1323894
2024-02-27,1273.249755859375,1274.5971360473163,1257.5956717813096,1266.5373766649209,1261744
2024-02-28,1259.62890625,1276.336467938653,1254.4109182494958,1274.3766422681138,985574
2024-02-29,1272.0247802734375,1276.9243442677257,1247.9434710888158,1259.8983593875744,2774576
2024-03-01,1274.5970458984375,1281.995435345355,1265.312396092774,1272.0247748124793,1511456
2024-03-04,1268.5462646484375,1274.4257419191545,1262.8136786148714,1271.3879163013337,1268620
2024-03-05,1243.827880859375,1271.5349417390348,1240.5697183484624,1268.9871921494935,678604
2024-03-06,1241.0841064453125,1257.5956135143285,1228.933163571565,1244.489279566142,1983280
2024-03-07,1254.7540283203125,1257.2283324774105,1234.2003778295389,1239.5898991301046,1297304
2024-03-11,1279.5211181640625,1289.075267811468,1248.6783872003211,1254.7537986159828,2990598
2024-03-12,1269.0606689453125,1281.2606564926368,1257.3752792196449,1276.8510483807,1726470
2024-03-13,1265.5328369140625,1300.1727298533876,1250.7852213077113,1271.4123136093344,3627604
2024-03-14,1280.1337890625,1283.6614517836624,1261.0989320275203,1268.9872791778298,2245994
2024-03-15,1275.6749267578125,1288.5362821947508,1266.6352551457883,1282.1913707695135,2533984
2024-03-18,1264.259033203125,1279.1781815251313,1253.6759272111171,1275.6749215257198,1285192
2024-03-19,1222.955810546875,1266.41492336867,1209.285953937151,1264.08763025096,3497728
2024-03-20,1249.5113525390625,1251.8386455199704,1223.9356514935796,1231.750432421607,1399290
2024-03-21,1251.1771240234375,1255.292829590614,1237.2133665005522,1249.8787873993165,1807754
2024-03-22,1260.853759765625,1269.9669967096893,1243.0193945418525,1244.5872311079652,2027126
2024-03-26,1267.076416015625,1272.1719152194548,1240.6431699932232,1258.2081564735452,1941704
2024-03-27,1257.448486328125,1269.2564825465488,1250.2461517017546,1267.0762006506352,1801192
2024-03-28,1284.8372802734375,1292.8479960595027,1257.742666019292,1257.742666019292,4365832
2024-04-01,1266.831298828125,1294.7588132564615,1265.3123861610343,1284.8371962884999,1486064
2024-04-02,1285.302734375,1288.5854185518394,1265.5574662050956,1272.4168562658276,1445766
2024-04-03,1251.3240966796875,1285.6210439348154,1246.9390109185765,1285.3026201290356,3850278
2024-04-04,1249.1929931640625,1259.1880567399032,1231.7995394620132,1259.0900893750952,2782752
2024-04-05,1243.337890625,1262.1277676214863,1241.549597497223,1261.6378111899562,1532454
2024-04-08,1223.9356689453125,1248.0415010834133,1221.3879194640651,1240.079709193098,2436980
2024-04-09,1226.262939453125,1235.768046057342,1223.4211683223157,1227.8307760575583,867882
2024-04-10,1238.413818359375,1241.0595350162512,1221.9757575625313,1231.7503636126553,989760
2024-04-12,1242.62744140625,1253.7984716423082,1232.828313062035,1241.892506780434,2479930
2024-04-15,1251.1771240234375,1262.6176539114224,1229.790574822534,1229.790574822534,2293646
2024-04-16,1247.47802734375,1265.8757943136447,1245.616169115834,1249.4622550523702,1537722
2024-04-18,1206.5421142578125,1245.78754874491,1181.088904097746,1244.5382556635107,6077666
2024-04-19,1194.3668212890625,1210.853927699814,1180.7950514676331,1190.5941805254556,3702024
2024-04-22,1204.65576171875,1216.0717696198974,1189.540678738387,1193.778753698179,2504706
2024-04-23,1225.50341796875,1229.7905363724387,1188.609677953925,1199.9031966438656,2248818
2024-04-24,1224.9644775390625,1242.431495425264,1219.134044074408,1232.264899860291,1447036
2024-04-25,1255.5867919921875,1263.0586275169576,1210.8048223336593,1234.6656764464847,6481728
2024-04-26,1216.439208984375,1265.4593689905507,1210.7067432312097,1261.6131635395714,2643128
2024-04-29,1229.692626953125,1236.8459187984822,1219.9914660703582,1225.8709430152758,1243124
2024-04-30,1228.5166015625,1243.3133802004654,1225.1604720698128,1233.563176291337,1625278
2024-05-02,1230.9176025390625,1244.9793286079496,1227.3408965615558,1228.5167441840063,2223826
2024-05-03,1203.3819580078125,1236.1845149584105,1193.6562756518617,1232.2893855146199,2257460
2024-05-06,1204.0189208984375,1215.0674626642083,1198.8988999684284,1212.3481804689907,1431992
2024-05-07,1229.129150390625,1238.7813877571703,1205.0723614462684,1209.7024257865608,2146918
2024-05-08,1243.9993896484375,1248.4089975676325,1217.8601659690128,1226.0914580084973,1398140
2024-05-09,1231.48095703125,1249.3398448646658,1225.870979867978,1243.9993676597903,1404310
2024-05-10,1241.1575927734375,1248.898928217624,1226.5813891192695,1231.4809533727714,1394832
2024-05-13,1232.8529052734375,1245.4202402459055,1227.8553734558943,1240.9371866194929,680762
2024-05-14,1218.6932373046875,1234.1757895258638,1216.0719224207332,1227.8799208443284,1113494
2024-05-15,1207.7425537109375,1224.4010716931573,1205.2927716547288,1219.011551169498,868812
2024-05-16,1209.3839111328125,1215.0673335235888,1185.841482513364,1210.1922913343756,1944988
2024-05-17,1198.1883544921875,1209.3839058766603,1192.455888639696,1209.3839058766603,1442356
2024-05-21,1205.684814453125,1219.7955836495555,1191.5740452566943,1208.2325639815,2574902
2024-05-22,1209.7757568359375,1218.7665043231723,1206.223573054493,1211.172180376636,1574654
2024-05-23,1212.2257080078125,1218.766674490074,1203.1125897705297,1215.581957551708,1563326
2024-05-24,1209.0899658203125,1217.541714137768,1204.3374124292231,1213.5975409993018,907544
2024-05-27,1205.24365234375,1214.601867057043,1202.8429139270029,1213.6219542962062,1071662
2024-05-28,1201.22607421875,1209.0408548247594,1198.4333466803914,1205.8561382452733,1043344
2024-05-29,1213.2301025390625,1223.4212203284885,1197.9434856640587,1199.2663441172115,1739200
2024-05-30,1178.2471923828125,1211.7112389302845,1176.1648776514621,1207.7670659272503,2548428
2024-05-31,1153.79833984375,1188.4383548596766,1148.9478190732214,1188.4383548596766,5065946
2024-06-03,1153.8719482421875,1170.481423859093,1151.3976442744538,1163.5485880185365,2145030
2024-06-04,1189.49169921875,1194.5137525261302,1140.349046345806,1158.2324556842816,3117062
2024-06-05,1229.71728515625,1261.1724663784134,1190.5942134632435,1190.5942134632435,4057558
2024-06-06,1210.8782958984375,1233.71031381071,1201.691612664144,1233.71031381071,1944280
2024-06-07,1226.09130859375,1232.8527305028715,1208.7223789967547,1213.3524428240235,2022404
2024-06-10,1248.5069580078125,1256.7382500016527,1228.3452986474915,1229.7906462004476,1590348
2024-06-11,1245.4447021484375,1261.6377858083888,1241.5495725197893,1254.2884394832915,1138822
2024-06-12,1243.16650390625,1251.716219893405,1235.1801899799486,1246.449188143193,960816
2024-06-13,1250.2464599609375,1280.966707631109,1247.0126993142742,1271.0205670670266,2162544
2024-06-14,1245.7142333984375,1256.5423184367407,1241.5986472002992,1256.5423184367407,858944
2024-06-18,1249.560302734375,1251.8385520561765,1241.5494680666736,1248.8988137734614,519108
2024-06-19,1237.6544189453125,1254.092480498061,1233.6368002889778,1249.3888510936965,1568614
2024-06-20,1244.3668212890625,1249.952276645888,1224.8910535378113,1237.1399640731895,1314826
2024-06-21,1224.1070556640625,1248.4089416214244,1219.2565350176276,1240.8636607006888,2543088
2024-06-24,1239.6142578125,1240.5696489028123,1217.2967190754491,1224.1070654302553,1448402
2024-06-25,1232.4610595703125,1243.656613493215,1227.3410380458347,1242.0397331122517,625460
2024-06-26,1241.672119140625,1247.9190638063221,1228.5412625078973,1235.964174411042,958712
2024-06-27,1241.4271240234375,1251.348741886871,1228.835267498191,1240.1777111836473,1732622
2024-06-28,1250.1971435546875,1261.0007056087304,1238.7567339041154,1241.4269722394497,2364066
2024-07-01,1258.257080078125,1269.5260772905813,1252.8185161848087,1254.1904180299775,1849028
2024-07-02,1246.6695556640625,1268.0071811090831,1241.1330243422133,1266.7332466037858,1162200
2024-07-03,1250.123779296875,1258.9675164152402,1244.832226148685,1249.4378881706295,631912
2024-07-04,1247.0126953125,1256.738379350891,1245.493901985618,1254.2885969350023,627352
2024-07-05,1261.221435546875,1263.8917940795243,1240.8147958338795,1249.6830560423348,1583026
2024-07-08,1275.552490234375,1283.6858146170412,1254.9988424316216,1261.2212650139365,1448552
2024-07-09,1290.104248046875,1293.5339428558063,1270.7509701964768,1287.2624769958222,1665146
2024-07-10,1281.9464111328125,1298.3599506899955,1272.9312611337843,1292.455952089804,1069980
2024-07-11,1270.554931640625,1289.3693294541824,1256.101217623524,1283.6857872815085,2107598
2024-07-12,1278.296142578125,1283.6122169286732,1266.9537006972987,1276.3363171391397,1451786
2024-07-15,1276.385498046875,1283.440822539546,1272.416803258332,1278.3208019525907,695922
2024-07-16,1283.0040283203125,1288.6875932711287,1264.1819122752838,1281.6754323916082,1514138
2024-07-18,1292.72265625,1296.5854237265537,1267.10979158111,1267.10979158111,1733594
2024-07-19,1278.3538818359375,1301.8015155870887,1272.7440810529952,1296.5608960399527,1077872
2024-07-22,1273.162353515625,1294.1742073025912,1262.3365616674664,1278.3538368156792,1490342
2024-07-23,1270.3330078125,1282.6104170888884,1254.807812613338,1277.7388583418112,1936998
2024-07-24,1250.57568359375,1270.0621560498057,1239.4054592901557,1270.0621560498057,2622088
2024-07-25,1220.681884765625,1258.080077535405,1210.249781336208,1252.2489840344708,6938362
2024-07-26,1218.83642578125,1226.5622002143014,1206.337605720514,1226.5622002143014,3239386
2024-07-29,1215.5888671875,1223.7819755260691,1210.0283226048043,1222.1335747003338,1605802
2024-07-30,1209.3638916015625,1220.5587442564088,1206.0915981111275,1215.6134219405167,3429516
2024-07-31,1208.7242431640625,1218.885676424605,1206.583640933844,1215.441106487192,1644722
2024-08-01,1222.330322265625,1226.4146223295954,1208.7243182227712,1212.9807747120635,2653524
2024-08-02,1227.79248046875,1237.0927718683006,1212.9807806902788,1220.362002479469,2310948
2024-08-05,1235.5672607421875,1244.4247268134552,1217.9262128991559,1224.2986436285703,2651820
2024-08-06,1234.3863525390625,1243.9819410878015,1230.6957415587783,1237.0435443900367,1898862
2024-08-07,1241.423095703125,1244.4493485404819,1235.2474495298686,1239.3317495581189,1299940
2024-08-08,1224.8399658203125,1242.5056415402546,1219.377813757129,1239.3317402655164,2850012
2024-08-09,1232.5164794921875,1236.059442179883,1225.3812979131424,1233.4515064020356,540012
2024-08-12,1216.9666748046875,1235.0998040469894,1214.6292879311031,1231.0893883081942,950040
2024-08-13,1222.6746826171875,1226.2669010175653,1217.163394729915,1217.409435440392,623692
2024-08-14,1217.7047119140625,1226.242252342112,1210.8155721363087,1223.757217180581,1123752
2024-08-16,1242.7271728515625,1246.6638247650953,1216.1056363685452,1225.2829080871359,1719668
2024-08-19,1231.753662109375,1252.839400786236,1230.4743223919172,1244.9660974034473,955402
2024-08-20,1239.30712890625,1242.9977397725581,1229.7361687537054,1235.4197335152344,969464
2024-08-21,1255.6689453125,1257.268210159082,1240.8572443708613,1244.916916673723,1249546
2024-08-22,1255.2998046875,1262.2135732291679,1252.347315926965,1262.1889451287484,1269810
2024-08-23,1244.5723876953125,1255.4720639684701,1240.0452623522349,1255.2751593049002,1023074
2024-08-26,1239.823974609375,1252.3474248302605,1234.1157811211297,1244.5725130573353,1266798
2024-08-27,1240.7587890625,1246.3439617593306,1235.8626025006731,1244.3017515921242,782130
2024-08-28,1226.5130615234375,1239.553220452373,1225.2828578508966,1239.553220452373,1130322
2024-08-29,1232.442626953125,1239.7745925468923,1225.6026226752101,1229.6622946618493,1799588
2024-08-30,1230.57275390625,1238.7167263799913,1226.1686487134475,1232.4426875467195,3808974
2024-09-02,1235.0751953125,1238.0769402415242,1228.7520207007447,1230.2036369649484,1751182
2024-09-03,1245.335205078125,1259.2365068833042,1231.1878625330312,1231.1878625330312,1975054
2024-09-04,1247.3035888671875,1250.6005109075918,1236.9452492087794,1242.5304223188036,1005886
2024-09-05,1232.6148681640625,1247.426568970777,1226.3408292077006,1247.3035485990836,2238592
2024-09-06,1231.7783203125,1239.6762519887875,1224.3233340445647,1234.4356323513769,1673400
2024-09-09,1238.446044921875,1240.0453097062184,1224.667763702917,1227.8170370695618,1167196
2024-09-10,1247.672607421875,1253.7743697918231,1237.0928554756829,1244.474077763724,3044078
2024-09-11,1243.4161376953125,1260.5159691514762,1239.7746626554929,1253.3315314776514,1959876
2024-09-12,1243.9080810546875,1249.8868223271343,1224.298588169256,1244.9167518685656,3109758
2024-09-13,1245.655029296875,1260.2206893804707,1244.1050206662144,1244.9661632692662,1465434
2024-09-16,1254.6109619140625,1257.5634507292316,1230.203672987166,1244.966117063012,788794
2024-09-17,1253.2576904296875,1272.1781981765482,1249.2471545253281,1255.3735445574644,1390374
2024-09-18,1278.00927734375,1279.9530951619433,1252.8393594766499,1254.7830571577715,2354058
2024-09-19,1296.2410888671875,1317.3022015104614,1278.0094449047822,1280.8881697914571,5068578
2024-09-20,1328.3984375,1330.7111961746373,1294.7399958815315,1301.0632902600503,4645516
2024-09-23,1340.9957275390625,1343.3086064846357,1323.6991124699812,1331.1540984500664,2144494
2024-09-24,1326.848388671875,1361.4909952243613,1315.8258121225367,1340.9219663552403,3080066
2024-09-25,1327.3160400390625,1330.8836308010643,1308.4692951585882,1321.36180602282,1437914
2024-09-26,1355.9305419921875,1359.3504843109317,1332.5320431791683,1332.5320431791683,2317212
2024-09-27,1351.108154296875,1367.0024108186924,1343.8745802540852,1353.224128780203,2194334
2024-09-30,1323.674560546875,1348.3032627868763,1321.1403889654473,1338.4616331314976,1766384
2024-10-01,1332.089111328125,1333.5407275761163,1315.2844577526253,1323.6990985903146,1105518
2024-10-03,1316.244140625,1326.1595339838152,1304.1881448615106,1321.2387193864727,1624730
2024-10-04,1278.5013427734375,1317.9663702936846,1274.6385755592564,1310.4128721496722,2066068
2024-10-07,1266.5439453125,1289.2534572003387,1263.123882970951,1281.8476070161043,2205716
2024-10-08,1270.431396484375,1276.4593947827902,1255.5951875027006,1264.944735883916,2404340
2024-10-09,1238.076904296875,1269.5701164888465,1214.924448493957,1269.078035048347,4733190
2024-10-10,1236.330078125,1245.8026465209616,1233.1561766379248,1244.4740505655673,2060004
2024-10-11,1236.0103759765625,1241.0295834125898,1228.2847202024032,1240.0454203805418,1256928
2024-10-14,1231.2125244140625,1239.897714716506,1226.8329270411743,1239.897714716506,1340768
2024-10-15,1222.453369140625,1231.212443171342,1216.425371245094,1231.212443171342,1590308
2024-10-16,1211.6275634765625,1226.7836963292705,1196.4714306238545,1225.2828238629875,2473286
2024-10-17,1170.51416015625,1217.8770012995963,1163.7726680936514,1217.8770012995963,5255508
2024-10-18,1156.514404296875,1172.9498763371498,1144.6306855763517,1171.153827136076,3278370
2024-10-21,1158.6796875,1168.2015128393516,1148.0261707894722,1161.312371651588,1497408
2024-10-22,1156.514404296875,1173.6142343359415,1151.495197636563,1158.6057504167609,1934262
2024-10-23,1145.147216796875,1168.64410436178,1141.678138930975,1156.4159532819685,1414522
2024-10-24,1111.439697265625,1151.4705704955882,1090.4524718881296,1150.9784890552055,5910994
2024-10-25,1112.448486328125,1125.144211495528,1110.6278090292615,1116.532786303675,2683018
2024-10-28,1118.03369140625,1141.1368916403771,1110.1603881435308,1117.4923537521086,1751130
2024-10-29,1115.7454833984375,1124.79985458042,1112.473189659071,1121.9457580106964,1859662
2024-10-30,1120.1251220703125,1130.4342052800785,1112.2025620098163,1121.3306976959316,1787546
2024-10-31,1113.5557861328125,1125.3903700198607,1112.1041697616463,1125.3903700198607,1319530
2024-11-01,1123.0775146484375,1128.3181340234441,1116.2130024649405,1128.2935059235892,243228
2024-11-04,1105.3133544921875,1125.3903021433225,1097.7844841058775,1123.4219762978598,1926320
2024-11-05,1113.309814453125,1115.9916347182743,1100.4419307188537,1110.1359126664038,1451860
2024-11-06,1119.7806396484375,1121.7981015904193,1111.1445858343864,1116.0407724267443,1613946
2024-11-07,1113.506591796875,1124.3323840333578,1103.098996723647,1118.5011706147852,1783914
2024-11-08,1129.646728515625,1130.8031679737342,1111.5135992315359,1117.0248874240108,1669990
2024-11-11,1121.478271484375,1129.2531825523638,1109.2499991916804,1121.945724842311,1547190
2024-11-12,1110.2342529296875,1127.088044253941,1102.7546381796255,1127.088044253941,2210678
2024-11-13,1099.9251708984375,1108.1429079062532,1093.405091035154,1102.877659893132,1526776
2024-11-14,1074.115478515625,1104.6982944412046,1071.9502479214893,1101.7950617641873,2318476
2024-11-18,1089.07470703125,1091.9041755400099,1067.1770811808476,1078.0028737361026,1383330
2024-11-19,1089.542236328125,1104.0586409932548,1084.498400808885,1094.8813688106436,1612040
2024-11-21,1088.0904541015625,1107.1832379658995,1076.1821073028543,1085.3102420254984,1655768
2024-11-22,1105.854736328125,1108.5858125752131,1084.6459764412452,1089.566791251465,1543916
2024-11-25,1110.6031494140625,1123.741699449383,1105.337902187871,1111.3905277498022,4059604
2024-11-26,1114.6876220703125,1125.8578481349366,1107.4294199179951,1117.0250092041097,634244
2024-11-27,1118.9686279296875,1120.371108165559,1107.4047134544387,1120.272715899568,874722
2024-11-28,1100.417236328125,1126.6205757733894,1096.3575640197037,1119.01794075049,2492756
2024-11-29,1099.6297607421875,1113.580317860805,1095.8653857163115,1095.8653857163115,2698320
2024-12-02,1108.0936279296875,1110.627799266185,1093.9462866674355,1103.6402669136344,936544
2024-12-03,1112.9405517578125,1115.474843217201,1107.1832230254936,1113.0882002149629,1532464
2024-12-04,1111.0216064453125,1119.485384002442,1102.9760260702865,1112.5962431778116,1937738
2024-12-05,1114.810546875,1120.4694836611675,1092.91292191983,1111.021543662981,2375568
2024-12-06,1115.9422607421875,1127.8259788998414,1109.6928507779444,1115.2779027748627,1291202
2024-12-09,1096.7757568359375,1120.2726454082049,1089.2960228980419,1117.0248598753255,1939702
2024-12-10,1089.6898193359375,1102.2625252924709,1087.500080757304,1096.8496289629097,1830596
2024-12-11,1102.779052734375,1109.151482878782,1093.8969593786744,1094.8811221851329,1469722
2024-12-12,1094.413818359375,1109.1516343716357,1090.009713226353,1107.1586803889384,1931220
2024-12-13,1108.905517578125,1111.046119882549,1086.6388325679586,1094.8811966324952,1109322
2024-12-16,1101.6473388671875,1110.8738659933783,1096.628132137954,1108.9055402064575,1331372
2024-12-17,1084.0308837890625,1099.285409830194,1082.5792674351453,1095.373386050288,2997812
2024-12-18,1076.6988525390625,1089.4437141793733,1072.983613523296,1084.0308181698542,1932332
2024-12-19,1063.0927734375,1079.7497794665567,1056.6957142450356,1075.19802581038,3107980
2024-12-20,1064.6182861328125,1070.2772231748866,1055.7115632552375,1062.8960009460943,3303524
2024-12-23,1058.7625732421875,1072.7376393885636,1056.843383364702,1067.816824528983,877434
2024-12-24,1066.19287109375,1070.277171222843,1058.8116492232477,1058.8116492232477,645132
2024-12-26,1057.9259033203125,1070.7692777302723,1056.2036181769045,1062.010203544953,1047852
2024-12-27,1065.6517333984375,1067.349390528407,1058.4672955181438,1062.4039474773,925334
2024-12-30,1062.8466796875,1071.2613205681055,1057.4830399177117,1069.7850762127061,2470980
2024-12-31,1067.8414306640625,1070.055797305322,1056.867989725517,1060.4355804253237,1271114
2025-01-01,1067.44775390625,1072.3685687219986,1061.5674042288465,1067.816815017431,908580
2025-01-02,1082.677490234375,1086.3927288934922,1064.4458500341602,1067.3245743267962,1258328
2025-01-03,1098.6702880859375,1101.2537158364617,1081.6197129873103,1082.6776401065028,2022900
2025-01-06,1075.1978759765625,1104.6735042471362,1067.8166548600186,1103.9846383310837,2276932
2025-01-07,1088.8040771484375,1090.600246696167,1072.6884081088663,1077.7568715594155,1191638
2025-01-08,1092.3717041015625,1094.8567397729234,1079.8975098127337,1093.8972048487194,899000
2025-01-09,1110.160400390625,1117.910683375364,1084.5721645045023,1090.1818450862454,2294636
2025-01-10,1106.14990234375,1120.9616028328523,1102.8776085817078,1118.0337420767496,1619708
2025-01-13,1100.95849609375,1112.6699386630303,1093.1835850441817,1104.7228711857224,1609062
2025-01-14,1091.953369140625,1110.4310516746082,1082.2101323720638,1107.7737397538697,1405098
2025-01-15,1082.4068603515625,1092.470021620178,1068.8992492389511,1091.9533120956053,1447250
2025-01-16,1067.4722900390625,1091.559652459475,1061.1736235901535,1085.0888295890952,2651618
2025-01-17,1091.04296875,1095.5455861073265,1069.0715800253274,1073.057367694796,911802
2025-01-20,1089.46826171875,1094.881157328012,1083.7355612419485,1092.0270610702607,802216
2025-01-21,1080.832275390625,1102.2624465370977,1078.4211243436541,1094.881224796894,1528828
2025-01-22,1086.41748046875,1088.9516519540375,1079.700496401531,1080.8323077963776,896072
2025-01-23,1082.0626220703125,1087.3033622809635,1065.356478683729,1079.7006067737577,992014
2025-01-24,1086.466552734375,1093.7740101019974,1077.7075992973807,1083.563320321493,1327200
2025-01-27,1070.154052734375,1098.2764574275755,1067.1278000997804,1073.7462710760587,1099972
2025-01-28,1061.0753173828125,1073.6480232009026,1054.333825146736,1070.1541966445525,1442066
2025-01-29,1073.08203125,1075.1487493843515,1048.7486267299453,1061.075291507899,794290
2025-01-30,1091.1168212890625,1098.6701992571716,1073.0819645589147,1077.1662645093195,1149120
2025-01-31,1138.2828369140625,1174.5984735722411,1087.2540122990645,1091.116899908794,6279774
2025-02-01,1145.171875,1168.2013098535062,1110.7508031452514,1138.1843427511203,2493130
2025-02-03,1140.201904296875,1168.2012889899547,1137.54459255139,1145.1718545477438,2281742
2025-02-04,1131.5166015625,1143.0067508187112,1123.7663191675615,1142.8098461677114,2487034
2025-02-05,1106.6666259765625,1130.7539905161198,1095.0043188694071,1123.815713695522,2950590
2025-02-06,1101.9918212890625,1116.5328527196805,1095.8654310298496,1116.5328527196805,1973914
2025-02-07,1101.9422607421875,1108.3307138131295,1093.2509032153193,1106.3497831360728,1585116
2025-02-10,1099.9366455078125,1115.5116902086866,1092.5823913296604,1106.8451176987412,1520362
2025-02-11,1087.283447265625,1105.4090133553293,1078.5920887643615,1099.936667565169,953674
2025-02-12,1086.416748046875,1096.4452103365384,1075.4968427057347,1096.4452103365384,1006516
2025-02-13,1078.39404296875,1094.5633430543944,1075.967330075851,1086.4167889210353,1022294
2025-02-14,1087.456787109375,1101.8927721436544,1074.6797590982899,1078.3940043976506,1921722
2025-02-17,1097.683349609375,1099.4166641700035,1074.655027589598,1087.456842064239,1603030
2025-02-18,1100.605224609375,1104.1214255268897,1089.4872734584894,1097.683399722068,906118
2025-02-19,1091.96337890625,1101.397586551477,1088.298705083353,1092.4833974516898,852958
2025-02-20,1092.854736328125,1096.9156201961857,1082.9748683649673,1091.9632933067414,1316934
2025-02-21,1096.9156494140625,1098.4757049696427,1084.2129789668518,1097.906114818334,1188490
2025-02-24,1099.6146240234375,1108.2565312480936,1087.5557804834307,1089.0166927476246,968084
2025-02-25,1114.4715576171875,1117.4429536516163,1096.3709001659236,1100.6298286047563,1285668
2025-02-27,1128.2391357421875,1130.0220218607592,1114.2735975014539,1119.3249469621758,1502006
2025-02-28,1084.38623046875,1124.1782261763717,1082.0834467821023,1119.7211318875668,3687132
2025-03-03,1082.35595703125,1089.5120460615954,1065.1466190309588,1083.6930612701299,1043550
2025-03-04,1063.0169677734375,1071.7331114692508,1048.9028361258518,1069.7026090801887,2085044
2025-03-05,1088.0262451171875,1094.1424173428409,1044.9410000897888,1044.9410000897888,1693328
2025-03-06,1090.106201171875,1097.633714072804,1074.8035590186282,1083.0739209737233,2514922
2025-03-07,1108.5535888671875,1112.2926198516234,1085.1786301201555,1090.007148839458,1051212
2025-03-10,1113.481201171875,1126.1592071879243,1067.2760850427355,1108.9250843214413,1013160
2025-03-11,1114.966796875,1125.3914688719758,1106.2259885179944,1109.7174030603528,957110
2025-03-12,1087.283447265625,1116.304133300601,1085.3767529126317,1113.7783980416264,717178
2025-03-13,1085.525390625,1095.3310231518985,1081.6378861227452,1090.5520755278471,584340
2025-03-17,1076.809326171875,1091.1710752262911,1067.7217572869406,1077.4035812618067,820010
2025-03-18,1076.809326171875,1076.809326171875,1076.809326171875,1076.809326171875,0
2025-03-19,1081.5882568359375,1096.1480503923126,1079.681562507791,1092.7309929983955,845086
2025-03-20,1100.1842041015625,1103.7498552800168,1080.1767309280706,1091.4928462309174,953748
2025-03-21,1123.6087646484375,1126.6543974041263,1105.3346053950409,1109.7669138980498,1585274
2025-03-24,1120.9840087890625,1133.3896121775324,1119.2506943289768,1125.7135052828667,861902
2025-03-25,1116.675537109375,1129.130591543879,1104.467978126241,1119.2259372320905,1484284
2025-03-26,1111.02978515625,1124.1040010803927,1109.370828142377,1116.7001754334624,1066938
2025-03-27,1110.3365478515625,1123.1878127981931,1102.0166139458463,1109.4203189538612,1731172
2025-03-28,1114.64501953125,1133.067652120625,1110.8317518540916,1110.8317518540916,1432302
2025-04-01,1106.349853515625,1133.018182814548,1098.475701935983,1120.1667975044827,2040110
2025-04-02,1094.8109130859375,1104.3689284416268,1063.7598467679886,1104.3689284416268,2601704
2025-04-03,1112.1192626953125,1113.8031264165954,1087.0357748411589,1088.546258755138,635716
2025-04-04,1120.2906494140625,1130.517277628005,1098.0547486440948,1106.3498967057878,1183470
2025-04-07,1113.7783203125,1117.913561638433,1069.7026108826144,1069.7026108826144,1474570
2025-04-08,1126.8525390625,1130.5915704667184,1104.9880617439544,1116.7498394319853,1747016
2025-04-09,1161.2464599609375,1170.0368404995097,1125.2677312972378,1130.7152910676207,3706748
2025-04-11,1169.4425048828125,1174.6920201143596,1149.955169757402,1161.6673753053308,2236634
2025-04-15,1172.6614990234375,1179.3471406847032,1161.6179061895975,1179.3471406847032,1561748
2025-04-16,1180.2880859375,1183.6556923870428,1162.3111152359502,1162.3111152359502,1354424
2025-04-17,1196.7794189453125,1200.0478822972814,1168.0559216789884,1174.6919916503628,1815842
2025-04-21,1188.2613525390625,1198.9584277664642,1183.853829647143,1189.0537732619912,953130
2025-04-22,1192.173828125,1198.4632598943988,1183.6062773337244,1191.0347686140617,975908
2025-04-23,1205.0992431640625,1209.3087212515024,1188.5585188065743,1198.1165344099288,1165112
2025-04-24,1205.0001220703125,1245.5101791150594,1178.1585352344837,1205.891565067662,4674476
2025-04-25,1195.244140625,1205.9906662061196,1182.2690678581284,1201.8802105488924,2256568
2025-04-28,1191.5299072265625,1197.6707445038971,1181.6252529686526,1188.5585109491894,1961052
2025-04-29,1182.3680419921875,1191.5298467154778,1168.3529327477086,1191.5298467154778,1952120
2025-04-30,1182.7147216796875,1191.7279327277263,1170.8787083949583,1176.177674156188,2040862
2025-05-02,1154.7835693359375,1181.0309009652353,1152.4064283278503,1176.1775965958936,1265148
2025-05-05,1153.000732421875,1164.7872947043336,1150.772185301905,1163.2520249924532,1827594
2025-05-06,1167.015869140625,1175.7814638363993,1153.8922024602828,1157.3588313947128,1742026
2025-05-07,1158.0521240234375,1166.76826810701,1152.5551134705227,1154.3874503214943,1353304
2025-05-08,1159.191162109375,1163.8464220549163,1146.5132774741614,1152.9017309713568,2693092
2025-05-09,1151.614013671875,1163.3015531602741,1134.9246967116078,1140.0256174435722,1816458
2025-05-12,1180.5357666015625,1183.1109525304319,1161.815945850311,1168.6501814777741,801500
2025-05-13,1173.800537109375,1183.5071465221918,1159.8349989632625,1178.6538418157834,2333552
2025-05-14,1173.8995361328125,1178.257608045939,1165.4311295613797,1171.225327932659,1203066
2025-05-15,1187.6175537109375,1195.9373661179718,1159.5873352959466,1173.7014668594463,1928224
2025-05-16,1192.9166259765625,1195.7889999961133,1177.019606957387,1195.7889999961133,1369102
2025-05-19,1192.42138671875,1199.5032389107862,1186.6766387110943,1190.5394781709713,845862
2025-05-20,1168.00634765625,1198.3641369896773,1165.926394453538,1198.3641369896773,1555350
2025-05-21,1184.893798828125,1187.5680070285068,1168.006315503225,1168.006315503225,1350296
2025-05-22,1169.591064453125,1181.130010752029,1158.8445388510472,1181.130010752029,2161612
2025-05-23,1195.6898193359375,1200.444101764903,1164.8369179010303,1166.7682771279337,1154460
2025-05-26,1215.3011474609375,1220.6991359799154,1191.232787865031,1195.6898825378707,1248708
2025-05-27,1218.718017578125,1229.1674751776961,1204.504864266418,1213.3696015184366,1584098
2025-05-28,1197.9678955078125,1216.6381440262576,1196.4821974149959,1214.3601461611242,1447242
2025-05-29,1205.8917236328125,1208.2688649695144,1191.7775905225312,1199.1565099965621,1862596
2025-05-30,1186.6766357421875,1216.786809712033,1183.8538333807955,1205.8916897227514,2134920
2025-06-02,1191.678466796875,1196.383177433474,1184.1013823271737,1188.558476614478,2052718
2025-06-03,1184.2994384765625,1201.632583094514,1179.6442994274528,1196.333617349739,1468888
2025-06-04,1187.3204345703125,1190.4404248570377,1181.0804539968622,1182.8137684998844,1174082
2025-06-05,1189.202392578125,1193.0156604622434,1178.9015274928895,1191.0347295191764,1467916
2025-06-06,1197.0765380859375,1199.8993404828923,1183.6062319289524,1190.4899185554236,1004606
2025-06-09,1196.135498046875,1202.0782901167574,1189.0536466489823,1200.9392307887472,678874
2025-06-10,1204.1087646484375,1207.823009979351,1192.9660286556978,1196.1355905485977,1351562
2025-06-11,1198.0670166015625,1213.3202091261487,1192.5204341125575,1209.6059635880074,1751374
2025-06-12,1181.42724609375,1202.4746370660737,1171.8692302473858,1201.9298327018657,2717158
2025-06-13,1177.0692138671875,1178.6539344717455,1162.2122314998967,1169.7397450513708,829756
2025-06-16,1183.5072021484375,1186.0823881627452,1171.2749779006544,1173.7511415502634,532308
2025-06-17,1169.73974609375,1182.0709931070173,1165.282651379591,1178.7035071592427,1531068
2025-06-18,1159.24072265625,1170.779668690946,1151.6140665697994,1170.6805254262956,1308554
2025-06-19,1148.3951416015625,1159.240811049217,1143.9876186196689,1159.240811049217,1474774
2025-06-20,1168.947265625,1187.5680642866437,1148.3951077151185,1157.903672678084,22941194
2025-06-23,1168.303466796875,1188.0136307871358,1164.2424620851532,1175.1871527042574,1297744
2025-06-24,1171.62158203125,1180.436748544824,1167.6101486747734,1176.1776988306988,1100860
2025-06-25,1190.7374267578125,1202.870627614762,1174.691936027924,1174.691936027924,2300288
2025-06-26,1204.1087646484375,1210.1507004451953,1190.1432263854883,1198.4631601080187,3115098
2025-06-27,1217.628662109375,1220.1048257045486,1201.4841480126986,1212.8249289160235,2375672
2025-06-30,1220.897216796875,1225.998137860462,1209.8535032490518,1222.2343209245437,1658010
2025-07-01,1193.5604248046875,1223.9180937639178,1191.1337119369591,1223.224816319667,1077220
2025-07-02,1182.61572265625,1195.4422016038968,1178.6538609388087,1193.7584587365538,1475052
2025-07-03,1182.813720703125,1193.0651342176009,1181.1299779022265,1188.5088966972028,1263638
2025-07-04,1189.9752197265625,1192.0639182039135,1177.1942499762101,1186.0463588285445,790114
2025-07-07,1204.5465087890625,1206.485988399062,1187.5880215568675,1193.257363043616,868414
2025-07-08,1202.457763671875,1211.3099940253194,1197.0370793069835,1204.5465835843777,711576
2025-07-09,1207.3812255859375,1211.7078412450428,1200.7669126559226,1203.5021448032028,790360
2025-07-10,1194.2520751953125,1211.9067559621665,1192.3623755126587,1205.9887566090497,569850
2025-07-11,1195.29638671875,1207.8286981733916,1192.1136198592378,1195.545044173861,741064
2025-07-14,1190.02490234375,1200.8663926009767,1182.1176431577876,1196.1916806091774,942914
2025-07-15,1201.662109375,1203.5021503632606,1183.6593328963238,1190.0248669730329,1064608
2025-07-16,1223.394775390625,1238.3142238709984,1197.2359604891237,1201.5129176194105,2810630
2025-07-17,1217.9739990234375,1228.3678321138764,1216.4820542880764,1222.4000531724323,546708
2025-07-18,1229.4619140625,1231.799269890468,1208.972563756088,1222.897381438182,899652
2025-07-21,1229.660888671875,1232.5452180031384,1215.934948660959,1229.8099860122854,957974
2025-07-22,1215.1890869140625,1232.0977953057459,1212.4538546742315,1229.7604393110287,774548
2025-07-23,1219.6649169921875,1227.8706136814315,1210.2657129867848,1223.3947791236621,720228
2025-07-24,1154.8150634765625,1230.8544687583912,1148.7975041744985,1219.814101442787,5372012
2025-07-25,1131.192626953125,1151.2343221843544,1126.9156698432353,1151.2343221843544,3178714
2025-07-28,1108.6641845703125,1143.7745453626287,1105.083541399776,1131.2422335583633,1879938
2025-07-29,1105.879150390625,1122.9868562874594,1103.9893294337664,1109.0122586329464,1801922
2025-07-30,1109.75830078125,1113.7368203448843,1104.8845900328415,1109.0123283630685,929698
2025-07-31,1117.814697265625,1126.8658043312419,1104.5364134712797,1106.5256731083284,1346218
2025-08-01,1132.137451171875,1137.7073541690092,1115.527180884661,1117.814756740116,1410024
2025-08-04,1132.5849609375,1137.1603553765274,1122.937099964302,1136.861917855799,812794
2025-08-05,1127.5621337890625,1135.0715161748567,1119.008341513333,1133.7287901840648,1135934
2025-08-06,1110.6534423828125,1130.0983830331204,1107.0727992183497,1128.904875783225,1127544
2025-08-07,1111.300048828125,1117.1682681749041,1101.5526271282547,1111.996241200351,1014230
2025-08-08,1090.6116943359375,1120.351152873928,1087.5283659034894,1115.9747569949127,1242852
2025-08-11,1099.0660400390625,1102.9451209339215,1081.1627018302813,1091.1090008351598,1038967
2025-08-12,1085.2406005859375,1103.641252735213,1083.1519021924885,1102.0498692647172,758197
2025-08-13,1091.009521484375,1094.8886022347256,1080.7647853250874,1085.240619710543,813725
2025-08-14,1083.5498046875,1097.0767466368754,1078.874971449518,1093.9934183227558,941698
2025-08-18,1137.9560546875,1163.6175549074978,1114.482813116333,1114.482813116333,3478231
2025-08-19,1155.1630859375,1161.7276184023674,1124.1305630080258,1143.4264056103345,1851158
2025-08-20,1183.907958984375,1186.3945336092982,1150.488298893585,1158.743775214241,1652532
2025-08-21,1173.0665283203125,1183.90801851306,1162.5234756634727,1183.6095809771525,991563
2025-08-22,1156.655029296875,1184.6041026499095,1151.7813189492822,1168.6900257041507,921658
2025-08-25,1146.8082275390625,1160.5341681605148,1142.6308306967653,1156.6550874270804,931358
2025-08-26,1155.958740234375,1172.6685699496952,1142.8296750400336,1142.8296750400336,3619892
2025-08-28,1156.15771484375,1161.926494889977,1148.7974299705086,1159.340481668236,1065888
2025-08-29,1149.990966796875,1178.0396009960516,1143.8243103850568,1154.0690462526763,1593255
2025-09-01,1168.0933837890625,1169.6847673528443,1149.9910466835413,1151.681990369571,643866
2025-09-02,1194.4510498046875,1196.042433333235,1166.1040981622782,1168.0933579266577,1773623
2025-09-03,1188.3837890625,1200.0209096996446,1184.9025846000477,1200.0209096996446,827824
2025-09-04,1206.088134765625,1231.5506347047078,1201.512861727433,1223.394718480747,3346196
2025-09-05,1202.0101318359375,1209.867731660062,1184.6041100675232,1205.4913361896204,1434458
2025-09-08,1181.32177734375,1204.496700493893,1178.8352028175445,1202.0101259676876,1112974
2025-09-09,1195.7440185546875,1197.5344009426078,1181.520883817611,1188.7816092468818,1295618
2025-09-10,1210.9619140625,1212.652736341684,1195.2467129362683,1201.7118073439942,1015673
2025-09-11,1214.244140625,1218.3220986302517,1205.5907882865274,1205.5907882865274,783400
2025-09-12,1211.061279296875,1216.4323047619353,1203.0048018066727,1213.6472926201184,632659
2025-09-15,1205.9886474609375,1213.4483710534794,1203.1041967222002,1205.690209951327,523120
2025-09-16,1197.7332763671875,1208.4753278472988,1194.7493866687992,1205.4914381489104,1137133
2025-09-17,1197.832763671875,1206.088118486698,1189.1794112237224,1200.518215671261,1005661
2025-09-18,1202.60693359375,1206.784451834298,1193.5558261947288,1198.628414173101,1345158
2025-09-19,1188.0853271484375,1205.4913491033121,1184.6041227574626,1205.4913491033121,2395784
2025-09-22,1181.918701171875,1194.7493291251474,1177.6417442442664,1192.4617533154308,1107323
2025-09-23,1162.1256103515625,1188.0854267022848,1158.7438443768622,1183.4107146943174,2114020
2025-09-24,1172.270751953125,1178.8352848763102,1155.1631665878808,1161.6282608060503,1395188
2025-09-25,1167.1981201171875,1185.9966484224817,1165.3082991335739,1178.1390483841574,1273981
2025-09-26,1156.356689453125,1172.6686439831756,1153.9695534266914,1163.716974945136,1011036
2025-09-29,1146.3109130859375,1155.8593354542834,1143.0285859836415,1153.7706370322667,2130382
2025-09-30,1146.708740234375,1153.3727114419714,1140.2436464242578,1149.394192174207,1409305
2025-10-01,1160.1363525390625,1162.9212434411497,1138.8512481595,1151.6819982950838,727804
2025-10-03,1163.6175537109375,1165.0100598651647,1148.2007901361587,1153.7706933382833,1159975
2025-10-06,1175.35400390625,1177.3432635363968,1157.2517898378244,1157.2517898378244,639965
2025-10-07,1170.48046875,1185.7976714744277,1168.6900864346571,1175.3540579360754,922441
2025-10-08,1174.1605224609375,1176.1497821347384,1152.3781047498635,1163.7169091734831,893579
2025-10-09,1181.42138671875,1182.7143326774262,1166.6013776416564,1168.789514750048,922191
2025-10-10,1193.0584716796875,1195.5450462350848,1178.0395856480416,1180.0288452923596,1110822
2025-10-13,1181.7197265625,1194.3515987849366,1175.5530699224173,1192.5612164495426,1062394
2025-10-14,1169.1873779296875,1187.8864675037457,1164.7115436458223,1183.708949323273,1293553
2025-10-15,1214.8409423828125,1218.4215856167714,1169.1874072591957,1169.1874072591957,2283392
2025-10-16,1269.7445068359375,1279.5913671349344,1209.9672740922251,1214.8409848881713,6927367
2025-10-17,1282.5751953125,1304.5564907785995,1254.5266820266756,1257.112695361256,3171952
2025-10-20,1278.4971923828125,1298.5886661411737,1273.9219195028143,1282.575150353794,1246633
2025-10-21,1280.3870849609375,1285.0617968013464,1270.4407862240848,1273.1262383171234,245138
2025-10-23,1265.9649658203125,1296.7984922462133,1263.9757060508996,1280.0886616172322,1751448
2025-10-24,1275.115478515625,1277.6020531617164,1252.636867997915,1267.5563158744628,1433533
2025-10-27,1276.110107421875,1285.260653546752,1268.9488210123866,1275.1154775641805,1107997
2025-10-28,1264.174560546875,1281.9784594433547,1256.913713954219,1276.9058714062562,1343829
2025-10-29,1266.163818359375,1274.1208572807222,1259.6987242357804,1268.153078089712,836932
2025-10-30,1273.0267333984375,1274.5186781313644,1260.8921767217676,1271.1369124537753,728703
2025-10-31,1264.7713623046875,1277.1047974036921,1262.7821024956475,1273.0268390781168,943037
2025-11-03,1259.8975830078125,1263.0804713781406,1248.757777248606,1262.7820338570928,847050
2025-11-04,1258.206787109375,1262.1853065943058,1243.9835313848357,1259.2014169806077,770668
2025-11-06,1259.30078125,1272.0320914151678,1253.3330023753474,1258.2067127392681,1171263
2025-11-07,1255.9190673828125,1264.0751050299518,1249.6529721549566,1257.2121347582056,596683
2025-11-10,1256.1180419921875,1266.3626564363824,1253.4324685907732,1256.3169193931333,737986
2025-11-11,1261.2901611328125,1263.3788596551337,1248.2605336304632,1261.1907224250417,729912
2025-11-12,1271.3358154296875,1279.9891679036207,1254.8249843360766,1263.1798992915108,824792
2025-11-13,1268.3519287109375,1282.3763066454585,1263.4783396063588,1273.1262005288309,691337
2025-11-14,1264.7713623046875,1272.1316478810922,1255.6208157490166,1268.3520056780028,675047
2025-11-17,1263.4783935546875,1271.1369951158424,1257.3116154086997,1265.1692157960497,774802
2025-11-18,1258.30615234375,1263.080424012819,1245.87327967927,1255.3222629042748,810387
2025-11-19,1272.131591796875,1273.1262216575449,1256.2175140261556,1261.091224626394,726287
2025-11-20,1272.3304443359375,1281.6799891264577,1268.3519249710162,1281.0832355046746,796864
2025-11-21,1273.8223876953125,1281.9784252332868,1266.163786492181,1268.1530461724517,673231
2025-11-24,1262.3841552734375,1278.8951078919692,1252.7362943079568,1278.099355447181,2636542
2025-11-25,1256.4163818359375,1264.075104553466,1244.0830687896535,1260.5939000677104,1065974
2025-11-26,1269.9434814453125,1275.8117006151708,1250.3491999281139,1250.3491999281139,810809
2025-11-27,1259.5992431640625,1272.6288696765455,1253.730902874002,1269.1476652655506,708607
2025-11-28,1254.32763671875,1262.8814288536962,1251.443185969294,1259.4997846109952,626947
2025-12-01,1253.830322265625,1257.2120879243255,1244.8786539180626,1253.830322265625,644563
2025-12-02,1252.1395263671875,1255.023977178099,1244.2819263701444,1244.2819263701444,911551
2025-12-03,1235.2308349609375,1251.2443512625023,1229.4619332651996,1250.249721412532,642993
2025-12-04,1235.7281494140625,1238.3141627400423,1226.577481948965,1235.2308344892674,664641
2025-12-05,1240.2039794921875,1242.2926778862227,1227.5721075967606,1230.8544346550846,911699
2025-12-08,1208.2763671875,1241.29802900868,1206.287107525627,1240.2039604776048,1534927
2025-12-09,1209.27099609375,1214.9403375598429,1200.816642537255,1208.375804963637,810028
2025-12-10,1202.805908203125,1215.2387811423998,1198.5289513461046,1209.271002131548,514862
2025-12-11,1208.4752197265625,1213.8462449860792,1199.3246740361055,1202.9053170708594,339626
2025-12-12,1231.650146484375,1233.340968601226,1208.8730994748335,1212.453742520076,841766
2025-12-15,1236.822265625,1241.2981001206274,1218.918927642491,1231.3518012414556,857798
2025-12-16,1233.937744140625,1257.2121064705827,1227.77108775391,1229.859786116199,1086329
2025-12-17,1227.969970703125,1234.7335021508634,1217.725356245691,1230.3571065914311,526222
2025-12-18,1226.8759765625,1237.2201517625622,1220.9081971872467,1228.0694838716379,707432
2025-12-19,1237.7174072265625,1239.5076681042303,1223.096275611005,1224.1904655757078,754446
2025-12-22,1250.4486083984375,1253.1341818628018,1233.3410234137705,1239.308802559321,880387
2025-12-23,1249.75244140625,1254.7255907950532,1244.3814157833865,1253.2336459784121,663261
2025-12-24,1252.9351806640625,1257.3115763121143,1241.198621215625,1244.381388187966,598956
2025-12-26,1265.7659912109375,1270.1423870703306,1244.6798858176567,1257.2121983217683,1433973
2025-12-29,1273.126220703125,1279.591314792633,1263.9756745577324,1268.1530714035034,888206
2025-12-30,1267.2579345703125,1282.0779444014315,1260.892278910964,1277.1047948886253,2043408
2025-12-31,1281.083251953125,1287.3494685992414,1263.577790805665,1267.357311402002,738631
2026-01-01,1288.045654296875,1292.0241736923865,1277.104725959218,1286.0563945991191,932297
2026-01-02,1272.8277587890625,1292.0241632836676,1270.7390604062011,1285.0617543976125,736473
2026-01-05,1307.5404052734375,1312.9114308644753,1271.6342911819938,1272.1316061179273,2397082
2026-01-06,1312.81201171875,1316.3926550278604,1291.4274691550181,1311.916820537777,866154
2026-01-07,1307.7393798828125,1325.5431571277572,1297.196206304414,1305.4516826539652,676669
2026-01-08,1299.8818359375,1308.0377525223769,1292.024235472685,1302.0699731437503,555817
2026-01-09,1292.1236572265625,1303.760899711072,1283.1719882760692,1299.8818188829023,1194489
2026-01-12,1305.352294921875,1310.9221980357322,1284.6639445963697,1286.0564507285294,1032516
2026-01-13,1311.618408203125,1314.8012967505322,1301.9705466828477,1305.3523126455,1316337
2026-01-14,1300.0806884765625,1321.0673546069077,1295.206977794309,1313.9060680554846,904110
2026-01-15,1300.0806884765625,1300.0806884765625,1300.0806884765625,1300.0806884765625,0
2026-01-16,1308.83349609375,1313.8066455420774,1298.2904435462522,1311.1210719911116,1491989
2026-01-19,1308.5350341796875,1313.2098674228805,1298.4892967641995,1298.9866116997662,867546
2026-01-20,1288.7418212890625,1310.0269239195488,1284.6638632717893,1307.9382255609235,1173676
2026-01-21,1276.3089599609375,1304.655910352938,1264.4729620167993,1291.9247212713608,1046054
2026-01-22,1298.986572265625,1304.9543513112558,1265.4675951919091,1278.9945367457171,994359
2026-01-23,1286.8521728515625,1304.8549491943372,1283.3709683106754,1302.9651281606143,744221
2026-01-27,1296.3011474609375,1306.9436384163773,1283.3709592574269,1293.0188203510581,1159495
2026-01-28,1285.4595947265625,1298.9865359016962,1266.1637520695706,1290.2337449805539,940426
2026-01-29,1280.9837646484375,1287.4488584541489,1255.5212656350518,1279.5912586227143,1151521
2026-01-30,1325.244873046875,1332.4061595988705,1276.1101328160523,1279.094022448514,5292100
2026-02-02,1301.2742919921875,1303.9597440432992,1267.059000588645,1290.5322409581852,1254558
2026-02-03,1300.975830078125,1333.2018611611804,1284.1665615074633,1322.857686547329,1232271
2026-02-04,1296.2015380859375,1320.8684062873333,1288.1450607943987,1306.5457125386122,875783
2026-02-05,1296.5,1303.5618476004356,1280.0886075949368,1297.7930673614608,854891
2026-02-06,1303.300048828125,1305.199951171875,1278.699951171875,1291.0999755859375,835646
2026-02-09,1295.5999755859375,1307.0,1290.300048828125,1301.0,746303
2026-02-10,1308.5999755859375,1310.300048828125,1296.5,1296.9000244140625,936331
2026-02-11,1305.300048828125,1324.9000244140625,1296.699951171875,1315.0,911500
2026-02-12,1305.5,1312.0999755859375,1295.0999755859375,1312.0999755859375,534672
2026-02-13,1282.5999755859375,1310.4000244140625,1278.0,1305.0,522586
2026-02-16,1289.800048828125,1295.5,1274.199951171875,1276.699951171875,456222
2026-02-17,1285.300048828125,1289.5999755859375,1278.0,1281.0,396198
2026-02-18,1300.9000244140625,1303.4000244140625,1278.0,1286.5999755859375,446022
2026-02-19,1278.5,1300.0,1271.9000244140625,1299.800048828125,659360
2026-02-20,1293.800048828125,1301.0,1276.4000244140625,1278.5,754146
2026-02-23,1315.0999755859375,1318.5,1295.5,1299.0,933582
2026-02-24,1320.0,1323.9000244140625,1305.5999755859375,1305.5999755859375,1120203
2026-02-25,1323.4000244140625,1334.800048828125,1315.0,1328.0,991399
2026-02-26,1318.0,1329.199951171875,1310.5999755859375,1329.199951171875,438946
2026-02-27,1291.699951171875,1322.9000244140625,1286.0,1311.0999755859375,1640870
2026-03-02,1279.699951171875,1288.0,1261.300048828125,1261.9000244140625,1161869
2026-03-04,1245.300048828125,1270.0,1240.0,1259.699951171875,1112032
2026-03-05,1250.9000244140625,1254.4000244140625,1222.699951171875,1249.5,935711
2026-03-06,1252.4000244140625,1264.0999755859375,1234.199951171875,1250.0,830769
2026-03-09,1235.800048828125,1242.5999755859375,1217.4000244140625,1227.0,1467475
2026-03-10,1241.199951171875,1249.5,1233.5,1236.9000244140625,1301806
2026-03-11,1233.699951171875,1245.9000244140625,1226.0999755859375,1237.0999755859375,1472136
2026-03-12,1220.800048828125,1229.9000244140625,1209.300048828125,1225.0,1358564
2026-03-13,1202.199951171875,1238.5999755859375,1200.5999755859375,1219.0,1681371
2026-03-16,1213.4000244140625,1219.300048828125,1196.5,1200.0,1100151
2026-03-17,1206.9000244140625,1225.0,1199.0999755859375,1213.4000244140625,1673011
2026-03-18,1204.800048828125,1213.300048828125,1199.9000244140625,1206.0,1144239
2026-03-19,1186.300048828125,1203.0,1177.699951171875,1193.0,826831
2026-03-20,1193.5999755859375,1204.0,1177.5999755859375,1204.0,1395157
2026-03-23,1166.800048828125,1189.0,1164.800048828125,1189.0,944890
2026-03-24,1183.199951171875,1195.0999755859375,1163.199951171875,1180.0,1001494
2026-03-25,1204.0999755859375,1217.800048828125,1180.0,1183.199951171875,1003662
2026-03-27,1193.199951171875,1215.699951171875,1188.300048828125,1204.0999755859375,2005121
